food_id,food_name,nepali_name,category,edible_pct,moisture_g,protein_g,fat_g,carbs_g,fiber_g,calories,calcium_mg,phosphorus_mg,iron_mg,carotene_ug,vitamin_c_mg,thiamine_mg,riboflavin_mg,niacin_mg,sodium_mg,sugar_g,omega3_g,nutrient_estimate_source,portion_description,portion_grams,household_measure,season_spring,season_summer,season_autumn,season_winter,available_year_round,price_tier,region_mountain,region_hills,region_terai
A01,Amaranth Seed,Latteko Dana,Cereals,100.0,10.6,9.4,7.17,68.1,2.2,375.0,37.0,529.1,5.2,0.0,0.0,0.0,0.0,0.0,5,1.0,0.05,estimated,Standard 100g serving,100.0,100g serving,True,True,True,True,True,2.0,True,True,True
A02,Barley,Jaun,Cereals,100.0,12.5,11.5,1.3,69.6,3.9,336.0,26.0,215.0,1.7,10.0,0.0,0.47,0.2,5.4,5,1.0,0.05,estimated,Standard 100g serving,100.0,100g serving,True,True,True,True,True,2.0,True,True,True
A03,Buckwheat Whole,Phapar,Cereals,74.0,11.3,10.3,2.4,65.1,8.6,323.0,64.0,355.0,15.5,0.0,0.0,0.9,0.34,4.4,5,1.0,0.05,estimated,Standard 100g serving,100.0,100g serving,True,True,True,True,True,2.0,True,True,True
A04,Bajra,Bajara,Cereals,84.0,12.4,11.6,5.0,67.5,1.2,361.0,42.0,296.0,8.0,132.0,0.0,0.33,0.25,2.3,5,1.0,0.05,estimated,Standard 100g serving,100.0,100g serving,False,True,True,False,False,1.0,False,True,True
A05,Bamboo Seed,Bairalochan,Cereals,100.0,7.8,13.1,1.1,75.9,0.9,367.0,37.0,162.0,6.4,0.0,0.0,0.17,0.12,1.1,5,1.0,0.05,estimated,Standard 100g serving,100.0,100g serving,True,True,True,True,True,2.0,True,True,True
A06,Buckwheat Flour,Phaparko Pitho,Cereals,0.0,12.2,6.1,1.3,69.2,7.8,313.0,0.0,0.0,5.6,0.0,0.0,0.0,0.0,0.0,5,1.0,0.05,estimated,Standard 100g serving,100.0,100g serving,True,True,True,True,True,2.0,True,True,True
A07,Foxtail Millet,Kaguno,Cereals,79.0,11.2,12.3,4.3,60.9,8.0,331.0,31.0,290.0,12.9,32.0,0.0,0.59,0.11,3.2,5,1.0,0.05,estimated,Standard 100g serving,100.0,100g serving,True,True,True,True,True,2.0,True,True,True
A08,Finger Millet (Ragi),Kodo,Cereals,100.0,13.1,7.3,1.3,72.0,3.6,328.0,344.0,283.0,3.9,42.0,0.0,0.42,0.19,1.1,5,1.0,0.05,estimated,1 serving dhindo,200.0,1 bowl,True,True,True,True,True,1.0,True,True,True
A09,Proso Millet (Chino),Chino,Cereals,100.0,8.67,11.0,4.22,72.9,1.0,378.0,8.0,28.5,3.0,0.0,0.0,0.0,0.0,0.0,5,1.0,0.05,estimated,Standard 100g serving,100.0,100g serving,True,True,True,True,True,2.0,True,True,True
A10,Jowar,Junelo,Cereals,100.0,11.9,10.4,1.9,72.6,1.6,349.0,25.0,222.0,5.8,47.0,0.0,0.37,0.13,3.2,5,1.0,0.05,estimated,Standard 100g serving,100.0,100g serving,True,True,True,True,True,2.0,True,True,True
A11,Maize Green (Tender),Hariyo Makai,Cereals,37.0,67.1,4.7,0.9,24.6,1.9,125.0,9.0,121.0,1.1,32.0,0.0,0.11,0.17,0.6,5,1.0,0.05,estimated,Standard 100g serving,100.0,100g serving,True,True,True,True,True,2.0,True,True,True
A12,Maize Dry,Makai Sukeko,Cereals,100.0,14.9,11.1,3.6,66.2,2.7,342.0,10.0,348.0,3.3,90.0,0.0,0.42,0.1,1.8,5,1.0,0.05,estimated,Standard 100g serving,100.0,100g serving,True,True,True,True,True,1.0,True,True,True
A13,Maize Flour Yellow,Pahelo Makaiko Pitho,Cereals,100.0,12.0,9.2,3.9,72.1,1.6,360.0,20.0,256.0,2.4,305.0,0.0,0.38,0.11,2.0,5,1.0,0.05,estimated,Standard 100g serving,100.0,100g serving,True,True,True,True,True,2.0,True,True,True
A14,Maize Flour White,Seto Makaiko Pitho,Cereals,100.0,12.0,9.2,3.9,72.1,1.6,360.0,20.0,256.0,2.4,305.0,0.0,0.38,0.11,2.0,5,1.0,0.05,estimated,Standard 100g serving,100.0,100g serving,True,True,True,True,True,2.0,True,True,True
A15,Millet,Kodo,Cereals,100.0,14.4,7.7,1.2,70.1,3.7,322.0,288.0,276.0,49.1,0.0,0.0,0.0,0.0,0.0,5,1.0,0.05,estimated,Standard 100g serving,100.0,100g serving,True,True,True,True,True,2.0,True,True,True
A16,Oatmeal,Jaiko Chaikla,Cereals,100.0,10.7,13.6,7.6,62.8,3.5,374.0,50.0,380.0,3.8,0.0,0.0,0.98,0.16,1.1,5,1.0,0.05,estimated,Standard 100g serving,100.0,100g serving,False,False,False,False,True,2.0,False,True,True
A17,Rice Parboiled Hand Pounded,Usinako Chamal (Dhikima),Cereals,100.0,12.6,8.5,0.6,77.4,1.6,349.0,10.0,280.0,2.8,9.0,0.0,0.27,0.12,4.0,5,1.0,0.05,estimated,Standard 100g serving,100.0,100g serving,True,True,True,True,True,2.0,True,True,True
A18,Rice Raw Milled,Chamal (Millma Kuteko),Cereals,100.0,13.7,6.8,0.5,78.2,0.2,345.0,10.0,160.0,0.7,0.0,0.0,0.21,0.06,1.9,5,1.0,0.05,estimated,1 standard plate of cooked rice (Bhat),150.0,1 thali plate,True,True,True,True,True,1.0,False,True,True
A19,Rice Raw Hand Pounded,Chamal (Dhikima Kuteko),Cereals,100.0,13.3,7.5,1.0,76.7,0.6,346.0,10.0,190.0,3.2,2.0,0.0,0.21,0.16,3.9,5,1.0,0.05,estimated,Standard 100g serving,100.0,100g serving,True,True,True,True,True,2.0,True,True,True
A20,Rice Flakes,Cheura,Cereals,100.0,12.2,6.6,1.2,77.3,0.7,346.0,20.0,238.0,20.0,0.0,0.0,0.05,0.05,4.0,5,1.0,0.05,estimated,Standard 100g serving,100.0,100g serving,True,True,True,True,True,2.0,True,True,True
A21,Rice Parboiled Milled,Usinako Chamal (Millma),Cereals,100.0,13.3,6.4,0.4,79.0,0.2,345.0,9.0,143.0,1.0,0.0,0.0,0.21,0.05,3.8,5,1.0,0.05,estimated,Standard 100g serving,100.0,100g serving,True,True,True,True,True,2.0,True,True,True
A22,Rice Puff,Golfuki / Bhuja,Cereals,100.0,14.7,7.5,0.1,73.6,0.3,325.0,23.0,150.0,6.6,0.0,0.0,0.21,0.01,4.0,5,1.0,0.05,estimated,Standard 100g serving,100.0,100g serving,True,True,True,True,True,2.0,True,True,True
A23,Semolina,Suji,Cereals,100.0,12.2,10.4,0.8,74.8,0.2,348.0,16.0,102.0,1.6,0.0,0.0,0.21,0.03,0.0,5,1.0,0.05,estimated,Standard 100g serving,100.0,100g serving,True,True,True,True,True,2.0,True,True,True
A24,Sorghum,Jowar,Cereals,100.0,14.3,7.6,2.4,74.7,0.6,357.0,17.0,196.0,3.6,0.0,0.0,0.1,0.03,3.0,5,1.0,0.05,estimated,Standard 100g serving,100.0,100g serving,True,True,True,True,True,2.0,True,True,True
A25,Wheat Flour Whole,Atta (Ganhuko Pitho),Cereals,100.0,12.2,12.1,1.7,69.4,1.9,341.0,48.0,355.0,4.9,29.0,0.0,0.49,0.17,4.3,5,1.0,0.05,estimated,2 chapatis/rotis,60.0,2 pieces,True,True,True,True,True,1.0,False,True,True
A26,Wheat Flour Refined,Maida,Cereals,100.0,13.3,11.0,0.9,73.9,0.3,348.0,23.0,121.0,2.7,25.0,0.0,0.12,0.07,2.4,5,1.0,0.05,estimated,1 medium naan,90.0,1 piece,True,True,True,True,True,2.0,True,True,True
A27,Sarvottam Pitho (Lito),Lito,Cereals,100.0,2.68,21.29,10.84,61.7,0.4,427.0,22.5,49.0,4.3,0.0,0.0,0.0,0.0,0.0,5,1.0,0.05,estimated,Standard 100g serving,100.0,100g serving,True,True,True,True,True,2.0,True,True,True
A28,Vermicelli,Sewai,Cereals,100.0,11.7,8.7,0.4,78.3,0.2,352.0,22.0,92.0,2.0,0.0,0.0,0.19,0.05,1.8,5,1.0,0.05,estimated,Standard 100g serving,100.0,100g serving,True,True,True,True,True,2.0,True,True,True
B01,Black Gram Dal,Masko Dal,Pulses,100.0,10.9,24.0,1.4,59.6,0.9,347.0,154.0,385.0,3.8,38.0,0.0,0.42,0.2,2.3,15,2.0,0.05,estimated,Standard 100g serving,100.0,100g serving,False,False,True,True,True,1.0,False,True,True
B02,Black Gram Whole,Masko Geda,Pulses,100.0,10.6,21.0,1.6,58.8,4.4,344.0,110.0,348.0,8.4,20.0,2.0,0.58,0.2,2.0,15,2.0,0.05,estimated,Standard 100g serving,100.0,100g serving,True,True,True,True,True,2.0,True,True,True
B03,Bengal Gram (Chickpea),Chana,Pulses,100.0,9.9,20.8,5.6,59.8,1.2,372.0,56.0,331.0,5.3,129.0,1.0,0.48,0.18,2.4,15,2.0,0.05,estimated,Standard 100g serving,100.0,100g serving,False,False,True,True,True,1.0,False,True,True
B04,Broad Bean,Bakula,Pulses,100.0,13.8,25.0,1.2,29.3,5.1,328.0,104.0,357.0,4.2,65.0,0.0,0.45,0.19,2.4,15,2.0,0.05,estimated,Standard 100g serving,100.0,100g serving,True,True,True,True,True,2.0,True,True,True
B05,Cow Pea,Bodi,Pulses,97.0,13.4,24.1,1.0,54.5,3.8,323.0,77.0,414.0,8.6,12.0,0.0,0.51,0.2,1.3,15,2.0,0.05,estimated,Standard 100g serving,100.0,100g serving,True,True,True,True,True,2.0,True,True,True
B06,Field Bean Dry (Simi),Simi Sukeko,Pulses,100.0,9.6,24.9,1.3,60.1,1.4,347.0,60.0,433.0,4.4,0.0,0.0,0.52,0.16,1.8,15,2.0,0.05,estimated,Standard 100g serving,100.0,100g serving,True,True,True,True,True,2.0,True,True,True
B07,Gram Flour (Besan),Besan,Pulses,100.0,11.6,17.9,4.3,63.5,0.1,364.0,129.0,321.0,5.6,0.0,0.0,0.0,0.0,0.0,15,2.0,0.05,estimated,Standard 100g serving,100.0,100g serving,True,True,True,True,True,2.0,True,True,True
B08,Green Gram Dal,Mungako Dal,Pulses,100.0,10.1,24.5,1.2,59.9,4.2,348.0,75.0,405.0,3.9,49.0,0.0,0.47,0.21,2.4,15,2.0,0.05,estimated,1 bowl cooked mung dal,120.0,1 katori,True,True,True,True,True,1.0,True,True,True
B09,Green Gram Whole,Mung ko Geda,Pulses,100.0,10.4,24.0,1.3,56.7,4.1,335.0,124.0,326.0,7.3,94.0,0.0,0.47,0.39,2.1,15,2.0,0.05,estimated,1 serving sprouted mung,80.0,1 small bowl,True,True,True,True,True,1.0,True,True,True
B10,Lentil,Musuro,Pulses,100.0,12.4,25.1,0.7,59.0,0.7,343.0,69.0,293.0,7.5,270.0,0.0,0.45,0.2,2.6,15,2.0,0.05,estimated,1 bowl cooked dal,120.0,1 katori,False,False,True,True,True,1.0,False,True,True
B11,Rajmah (Kidney Bean),Rato Thulo Simi,Pulses,100.0,12.0,22.9,1.3,60.6,4.8,346.0,260.0,410.0,5.1,0.0,0.0,0.0,0.0,0.0,15,2.0,0.05,estimated,Standard 100g serving,100.0,100g serving,True,False,True,True,True,1.0,True,True,True
B12,Red Gram Dal (Pigeon Pea),Raharko Dal,Pulses,100.0,13.4,22.3,1.7,57.6,1.5,335.0,73.0,304.0,2.7,132.0,0.0,0.45,0.19,2.9,15,2.0,0.05,estimated,Standard 100g serving,100.0,100g serving,False,True,True,False,True,1.0,False,True,True
B13,Soybean Black,Bhatamas Kalo,Pulses,100.0,12.1,33.3,15.0,31.3,4.3,393.0,213.0,509.0,9.5,10.0,0.0,0.65,0.23,2.8,15,2.0,0.05,estimated,Standard 100g serving,100.0,100g serving,True,True,True,True,True,2.0,True,True,True
B14,Soybean White,Bhatamas Seto,Pulses,100.0,10.2,33.3,17.7,29.6,4.2,411.0,226.0,546.0,8.5,10.0,0.0,0.66,0.22,2.2,15,2.0,0.05,estimated,Standard 100g serving,100.0,100g serving,False,True,True,False,False,1.0,False,True,True
B15,White Peas Big,Thulo Kerau,Pulses,100.0,12.3,23.3,0.8,58.0,3.1,332.0,11.0,348.0,5.3,0.0,0.0,0.0,0.0,0.0,15,2.0,0.05,estimated,Standard 100g serving,100.0,100g serving,True,True,True,True,True,2.0,True,True,True
B16,Green Peas Dry,Kerau Sukeko,Pulses,100.0,16.0,19.7,1.9,55.7,4.5,319.0,75.0,298.0,7.05,39.0,0.0,0.47,0.19,3.4,15,2.0,0.05,estimated,Standard 100g serving,100.0,100g serving,True,True,True,True,True,2.0,True,True,True
B17,Mung Dal Yellow,Mungako Dal Pahelo,Pulses,100.0,8.77,26.71,0.93,58.0,1.71,348.0,0.0,426.0,1.17,0.0,0.0,0.0,0.0,0.0,15,2.0,0.05,estimated,Standard 100g serving,100.0,100g serving,True,True,True,True,True,2.0,True,True,True
B18,Nutrila (Soybean),Nutrila,Pulses,100.0,10.0,46.9,1.0,33.2,1.4,329.0,33.0,565.0,12.8,0.0,0.0,0.0,0.0,0.0,15,2.0,0.05,estimated,Standard 100g serving,100.0,100g serving,True,True,True,True,True,2.0,True,True,True
B19,Tofu (Soybean Product),Tofu,Pulses,0.0,80.5,16.5,0.3,1.6,0.03,75.0,18.4,144.0,1.0,0.0,0.0,0.0,0.0,0.0,15,2.0,0.05,estimated,Standard 100g serving,100.0,100g serving,True,True,True,True,True,2.0,True,True,True
C01,Amaranth Tender,Kandelunde Sag,Green Leafy,0.0,85.7,4.0,0.5,6.1,1.0,45.0,397.0,83.0,3.49,5520.0,99.0,0.03,0.3,1.2,60,1.0,0.15,estimated,Standard 100g serving,100.0,100g serving,True,True,True,True,True,2.0,True,True,True
C02,Asparagus (Kurilo),Kurilo,Green Leafy,86.8,92.5,3.3,0.1,2.7,0.8,25.0,30.6,45.5,1.3,0.0,12.8,0.0,0.0,0.0,60,1.0,0.15,estimated,Standard 100g serving,100.0,100g serving,True,True,True,True,True,2.0,True,True,True
C03,Cabbage Green,Bandakobi,Green Leafy,88.0,91.9,1.8,0.1,4.6,1.0,27.0,39.0,44.0,0.8,120.0,124.0,0.06,0.09,0.4,60,1.0,0.15,estimated,1 serving cooked,100.0,1 katori,True,False,True,True,False,1.0,True,True,True
C04,Cauliflower Greens,Fulkobiko Sag,Green Leafy,71.0,80.0,5.9,1.3,7.6,2.0,66.0,626.0,107.0,40.0,0.0,0.0,0.0,0.0,0.0,60,1.0,0.15,estimated,Standard 100g serving,100.0,100g serving,True,True,True,True,True,2.0,True,True,True
C05,Coriander Leaves,Hariyo Dhaniyako Pat,Green Leafy,70.0,86.3,3.3,0.6,6.3,1.2,44.0,184.0,71.0,1.42,6918.0,135.0,0.05,0.06,0.8,60,1.0,0.15,estimated,1 tablespoon chopped,5.0,1 tablespoon,True,True,True,True,True,1.0,False,True,True
C06,Colocasia Leaves (Green),Karkalako Sag Hariyo,Green Leafy,0.0,82.7,3.9,1.5,6.8,2.9,56.0,227.0,82.0,10.0,10278.0,12.0,0.22,0.26,1.1,60,1.0,0.15,estimated,Standard 100g serving,100.0,100g serving,True,True,True,True,True,2.0,True,True,True
C07,Drumstick Leaves,Sahijanko Sag,Green Leafy,75.0,75.9,6.7,1.7,12.5,0.9,92.0,440.0,70.0,0.85,6780.0,220.0,0.06,0.05,0.8,60,1.0,0.15,estimated,1 serving cooked,100.0,1 katori,False,True,True,True,False,1.0,False,True,True
C08,Fenugreek Leaves,Methiko Sag,Green Leafy,59.0,86.1,4.4,0.9,6.0,1.1,49.0,395.0,51.0,1.93,2340.0,52.0,0.04,0.31,0.8,60,1.0,0.15,estimated,Standard 100g serving,100.0,100g serving,True,False,False,True,False,1.0,False,True,True
C09,Mustard Leaves,Toriko Sag,Green Leafy,0.0,89.8,4.0,0.6,3.2,0.8,34.0,155.0,26.0,16.3,2622.0,33.0,0.03,0.0,0.0,60,1.0,0.15,estimated,Standard 100g serving,100.0,100g serving,True,False,False,True,False,1.0,True,True,True
C10,Spinach,Palungko Sag,Green Leafy,0.0,92.1,2.0,0.7,2.9,0.6,26.0,73.0,21.0,1.14,3049.0,28.0,0.03,0.26,0.5,60,1.0,0.15,estimated,1 serving cooked saag,100.0,1 katori,True,False,True,True,False,1.0,False,True,True
C11,Stinging Nettle (Sisnu),Sisnu,Green Leafy,0.0,81.7,6.9,0.2,5.0,1.8,53.0,981.3,0.0,0.0,0.0,5.5,0.0,0.0,0.0,60,1.0,0.15,estimated,Standard 100g serving,100.0,100g serving,True,True,False,False,False,1.0,True,True,False
C12,Sweet Potato Green Leaves,Sakharkhandako Sag,Green Leafy,100.0,80.7,4.2,0.8,9.7,2.4,63.0,360.0,60.0,1.14,750.0,27.0,0.24,1.7,27.0,60,1.0,0.15,estimated,Standard 100g serving,100.0,100g serving,True,True,True,True,True,2.0,True,True,True
C13,Beet Green,Chukandarko Sag,Green Leafy,51.0,86.4,3.4,0.8,6.5,0.7,46.0,380.0,30.0,16.2,5862.0,70.0,0.26,0.56,3.3,60,1.0,0.15,estimated,Standard 100g serving,100.0,100g serving,True,True,True,True,True,2.0,True,True,True
C14,Carrot Leaves,Ganjarko Sag,Green Leafy,51.0,76.6,5.1,0.5,13.1,1.9,77.0,340.0,110.0,8.8,5700.0,79.0,0.04,0.37,2.1,60,1.0,0.15,estimated,Standard 100g serving,100.0,100g serving,True,True,True,True,True,2.0,True,True,True
C15,Mint,Pudinako Pat,Green Leafy,45.0,84.9,4.8,0.6,5.8,2.0,48.0,200.0,62.0,15.6,1620.0,27.0,0.05,0.26,1.0,60,1.0,0.15,estimated,Standard 100g serving,100.0,100g serving,True,True,False,False,False,1.0,True,True,True
C16,Knol-Knol Green,Ganthkobiko Sag,Green Leafy,73.0,86.7,3.5,0.4,6.4,1.8,43.0,740.0,50.0,13.3,4146.0,157.0,0.25,0.0,3.0,60,1.0,0.15,estimated,Standard 100g serving,100.0,100g serving,True,True,True,True,True,2.0,True,True,True
C17,Pumpkin Leaves,Pharsiko Munta,Green Leafy,0.0,81.9,4.6,0.8,6.9,2.1,53.0,392.0,112.0,0.0,498.0,0.0,0.0,0.0,0.0,60,1.0,0.15,estimated,Standard 100g serving,100.0,100g serving,True,True,True,True,True,2.0,True,True,True
C18,Rape Leaves,Rayoko Sag,Green Leafy,0.0,84.9,5.1,0.4,5.9,1.2,48.0,370.0,110.0,12.5,130.0,65.0,0.01,0.03,0.9,60,1.0,0.15,estimated,Standard 100g serving,100.0,100g serving,True,True,True,True,True,2.0,True,True,True
C19,Radish Leaves,Mulako Sag,Green Leafy,100.0,90.8,3.8,0.4,2.4,1.0,28.0,265.0,59.0,0.9,1301.0,81.0,0.18,0.47,0.8,60,1.0,0.15,estimated,Standard 100g serving,100.0,100g serving,True,True,True,True,True,2.0,True,True,True
C20,Turnip Green Leaves,Salgamko Sag,Green Leafy,51.0,81.9,4.0,1.5,9.4,1.0,67.0,710.0,60.0,24.4,2136.0,180.0,0.31,0.57,5.4,60,1.0,0.15,estimated,Standard 100g serving,100.0,100g serving,True,True,True,True,True,2.0,True,True,True
D01,Ash Gourd,Kubhindo,Vegetables,67.0,96.5,0.4,0.1,1.9,0.8,10.0,30.0,20.0,0.8,0.0,1.0,0.06,0.01,0.4,20,3.0,0.02,estimated,Standard 100g serving,100.0,100g serving,True,True,True,True,True,2.0,True,True,True
D02,Bitter Gourd,Karela,Vegetables,97.0,92.4,1.6,0.2,4.2,0.8,25.0,20.0,70.0,0.61,126.0,88.0,0.07,0.09,0.5,20,3.0,0.02,estimated,Standard 100g serving,100.0,100g serving,False,True,True,False,False,1.0,False,True,True
D03,Bottle Gourd,Lauka,Vegetables,86.0,96.1,0.2,0.1,2.5,0.6,12.0,20.0,10.0,0.46,0.0,0.0,0.03,0.01,0.2,20,3.0,0.02,estimated,Standard 100g serving,100.0,100g serving,False,True,True,False,False,1.0,False,True,True
D04,Brinjal,Bhanta,Vegetables,91.0,92.7,1.4,0.3,4.0,1.3,24.0,18.0,47.0,0.37,74.0,12.0,0.04,0.11,0.9,20,3.0,0.02,estimated,Standard 100g serving,100.0,100g serving,False,True,True,False,False,1.0,False,True,True
D05,Bamboo Shoot (Tender),Tamako Tusa,Vegetables,54.0,88.8,3.9,0.5,5.7,0.9,43.0,20.0,65.0,0.1,0.0,5.0,0.08,0.19,0.2,20,3.0,0.02,estimated,Standard 100g serving,100.0,100g serving,True,True,False,False,False,1.0,True,True,False
D06,Cauliflower,Kauli,Vegetables,70.0,90.8,2.6,0.1,4.0,1.2,30.0,33.0,57.0,1.23,30.0,56.0,0.04,0.1,1.0,20,3.0,0.02,estimated,1 serving cooked,100.0,1 katori,True,False,True,True,False,1.0,True,True,True
D07,Cucumber,Kankro,Vegetables,83.0,96.3,0.4,0.1,2.5,0.4,13.0,10.0,25.0,0.6,0.0,7.0,0.03,0.0,0.2,20,3.0,0.02,estimated,Standard 100g serving,100.0,100g serving,True,True,True,True,True,2.0,True,True,True
D08,French Bean,Ghyu Simi,Vegetables,94.0,91.4,1.7,0.1,4.5,1.8,26.0,50.0,28.0,0.61,132.0,24.0,0.08,0.06,0.3,20,3.0,0.02,estimated,Standard 100g serving,100.0,100g serving,True,True,True,True,True,2.0,True,True,True
D09,Drumstick,Sahejanko,Vegetables,83.0,86.9,2.5,0.1,3.7,4.8,26.0,30.0,110.0,0.18,110.0,120.0,0.05,0.07,0.2,20,3.0,0.02,estimated,Standard 100g serving,100.0,100g serving,True,True,True,True,True,2.0,True,True,True
D10,Jack Fruit Tender,Rukhkatahar Hariyo,Vegetables,0.0,84.0,2.6,0.3,9.4,2.8,51.0,30.0,40.0,1.7,0.0,14.0,0.05,0.4,85.0,20,3.0,0.02,estimated,Standard 100g serving,100.0,100g serving,True,True,True,True,True,2.0,True,True,True
D11,Ladies Finger,Ramtoria,Vegetables,84.0,89.6,1.9,0.2,6.4,1.2,35.0,66.0,56.0,0.35,52.0,13.0,0.07,0.1,0.6,20,3.0,0.02,estimated,Standard 100g serving,100.0,100g serving,False,True,True,False,False,1.0,False,True,True
D12,Mango Green,Kancho Anpa,Vegetables,72.0,87.5,0.7,0.1,10.1,1.2,44.0,10.0,19.0,6.33,90.0,3.0,0.04,0.01,0.2,20,3.0,0.02,estimated,Standard 100g serving,100.0,100g serving,True,True,True,True,True,2.0,True,True,True
D13,Mushroom Button (Gobre),Gobre Chyau,Vegetables,88.0,88.5,4.6,0.8,4.3,0.4,43.0,6.0,110.0,1.5,0.0,0.0,0.0,0.0,0.0,20,3.0,0.02,estimated,Standard 100g serving,100.0,100g serving,True,True,False,False,False,2.0,True,True,False
D14,Mushroom Oyster (Kanne),Kanne Chyau,Vegetables,86.0,88.0,3.0,0.2,5.8,0.9,37.0,0.0,0.0,1.5,0.0,0.0,0.0,0.0,0.0,20,3.0,0.02,estimated,Standard 100g serving,100.0,100g serving,True,True,True,True,True,2.0,True,True,True
D15,Onion (Green Stalk),Pyajako Danth,Vegetables,100.0,87.6,0.9,0.2,8.9,1.6,41.0,50.0,50.0,7.43,595.0,17.0,0.0,0.03,0.3,20,3.0,0.02,estimated,Standard 100g serving,100.0,100g serving,True,True,True,True,True,2.0,True,True,True
D16,Onion Big,Pyaja Thulo,Vegetables,95.0,86.6,1.2,0.1,10.4,1.3,47.0,47.0,50.0,0.6,0.0,11.0,0.08,0.01,0.4,20,3.0,0.02,estimated,1 medium onion,100.0,1 piece,False,True,True,True,True,1.0,False,True,True
D17,Papaya Green,Kancho Mewa,Vegetables,0.0,92.0,0.7,0.2,5.7,0.9,27.0,28.0,40.0,0.9,0.0,12.0,0.01,0.01,0.1,20,3.0,0.02,estimated,Standard 100g serving,100.0,100g serving,True,True,True,True,True,2.0,True,True,True
D18,Peas (Fresh),Hariyo Kerau,Vegetables,53.0,72.1,7.2,0.1,15.9,4.0,93.0,20.0,139.0,1.5,83.0,9.0,0.25,0.01,0.8,20,3.0,0.02,estimated,Standard 100g serving,100.0,100g serving,True,False,True,True,False,1.0,True,True,True
D19,Pumpkin,Farsi,Vegetables,79.0,92.6,1.4,0.1,4.6,0.7,25.0,10.0,30.0,0.44,50.0,2.0,0.0,0.0,0.0,20,3.0,0.02,estimated,Standard 100g serving,100.0,100g serving,False,True,True,False,False,1.0,True,True,True
D20,Ridge Gourd,Pate Ghiraula,Vegetables,82.0,95.2,0.5,0.1,3.4,0.5,17.0,18.0,26.0,0.39,33.0,5.0,0.0,0.01,0.2,20,3.0,0.02,estimated,Standard 100g serving,100.0,100g serving,True,True,True,True,True,2.0,True,True,True
D21,Snake Gourd,Chichinda,Vegetables,98.0,94.6,0.5,0.3,3.3,0.8,18.0,26.0,20.0,1.51,96.0,0.0,0.04,0.06,0.3,20,3.0,0.02,estimated,Standard 100g serving,100.0,100g serving,True,True,True,True,True,2.0,True,True,True
D22,Tomato Green,Golveda Kancho,Vegetables,98.0,93.1,1.9,0.1,3.6,0.7,23.0,20.0,36.0,1.8,192.0,31.0,0.07,0.01,0.4,20,3.0,0.02,estimated,Standard 100g serving,100.0,100g serving,True,True,True,True,True,2.0,True,True,True
D23,Tomato Red,Golveda Pakeko,Vegetables,100.0,93.5,1.3,0.1,3.9,0.5,21.0,15.0,27.0,0.7,424.0,23.0,0.0,0.0,0.0,20,3.0,0.02,estimated,1 medium tomato,100.0,1 piece,True,True,True,False,False,1.0,False,True,True
D24,Capsicum Green,Hariyo Bhede Khursani,Vegetables,97.0,93.0,0.9,0.11,25.0,0.7,104.0,25.1,32.65,0.0,0.0,48.03,0.0,0.0,0.0,20,3.0,0.02,estimated,Standard 100g serving,100.0,100g serving,True,True,True,True,True,2.0,True,True,True
D25,Capsicum Red,Rato Bhede Khursani,Vegetables,97.0,88.86,0.92,0.1,25.2,0.7,105.0,25.41,35.38,2.38,0.0,0.0,0.0,0.0,0.0,20,3.0,0.02,estimated,Standard 100g serving,100.0,100g serving,True,True,True,True,True,2.0,True,True,True
D26,Cluster Beans,Gawar Simi,Vegetables,0.0,81.0,3.2,0.4,10.8,3.2,16.0,130.0,57.0,1.08,198.0,49.0,0.09,0.03,0.6,20,3.0,0.02,estimated,Standard 100g serving,100.0,100g serving,True,True,True,True,True,2.0,True,True,True
D27,Broad Beans (Fresh),Bakula Simi,Vegetables,88.0,85.4,4.5,0.1,7.2,2.0,48.0,50.0,64.0,1.4,9.0,12.0,0.08,0.0,0.8,20,3.0,0.02,estimated,Standard 100g serving,100.0,100g serving,True,True,True,True,True,2.0,True,True,True
E01,Beet Root,Chukandarko Jara,Roots & Tubers,85.0,87.7,1.7,0.1,8.8,0.9,43.0,18.0,55.0,1.19,0.0,10.0,0.04,0.09,0.4,15,2.0,0.02,estimated,Standard 100g serving,100.0,100g serving,True,False,True,True,False,1.0,False,True,True
E02,Carrot,Ganjar,Roots & Tubers,95.0,86.0,0.9,0.2,10.6,1.2,48.0,80.0,530.0,1.03,4275.0,3.0,0.04,0.02,0.6,15,2.0,0.02,estimated,1 medium carrot,80.0,1 piece,True,False,True,True,False,1.0,True,True,True
E03,Colocasia (Taro),Pindalu,Roots & Tubers,0.0,73.1,3.0,0.1,21.1,1.0,97.0,40.0,140.0,0.42,24.0,0.0,0.09,0.03,0.4,15,2.0,0.02,estimated,Standard 100g serving,100.0,100g serving,False,True,True,False,False,1.0,True,True,True
E04,Garlic Dry,Lasun Sukeko,Roots & Tubers,85.0,62.0,6.3,0.1,29.8,0.8,145.0,30.0,310.0,1.3,0.0,13.0,0.06,0.23,0.4,15,2.0,0.02,estimated,Standard 100g serving,100.0,100g serving,True,True,True,True,True,2.0,True,True,True
E05,Onion Small,Pyaja Sano,Roots & Tubers,0.0,84.3,1.8,0.1,12.6,0.6,59.0,40.0,60.0,1.2,15.0,2.0,0.08,0.02,0.5,15,2.0,0.02,estimated,Standard 100g serving,100.0,100g serving,True,True,True,True,True,2.0,True,True,True
E06,Potato,Alu,Roots & Tubers,85.0,74.7,1.6,0.1,22.4,0.6,97.0,10.0,40.0,0.46,0.0,17.0,0.1,0.01,1.2,15,2.0,0.02,estimated,1 medium potato,150.0,1 piece,True,True,True,True,True,1.0,True,True,True
E07,Potato Boiled (No Skin),Alu Usineko,Roots & Tubers,0.0,81.0,1.9,0.1,16.3,0.4,72.0,7.0,44.0,0.8,0.0,11.0,0.06,0.02,1.3,15,2.0,0.02,estimated,Standard 100g serving,100.0,100g serving,True,True,True,True,True,2.0,True,True,True
E08,Radish Pink,Mula Rato,Roots & Tubers,98.0,90.8,0.6,0.3,6.8,0.6,32.0,50.0,20.0,0.37,0.0,17.0,0.06,0.02,0.5,15,2.0,0.02,estimated,Standard 100g serving,100.0,100g serving,True,True,True,True,True,2.0,True,True,True
E09,Radish White,Mula Seto,Roots & Tubers,99.0,94.4,0.7,0.1,22.7,9.6,101.0,24.7,0.0,0.4,3.0,15.0,0.06,0.02,0.5,15,2.0,0.02,estimated,Standard 100g serving,100.0,100g serving,True,False,True,True,False,1.0,True,True,True
E10,Sweet Potato White,Sakharkhanda Seto,Roots & Tubers,97.0,68.5,1.2,0.3,28.3,0.7,121.0,46.0,50.0,0.21,6.0,24.0,0.08,0.04,0.7,15,2.0,0.02,estimated,Standard 100g serving,100.0,100g serving,False,True,True,False,False,1.0,True,True,True
E11,Sweet Potato Red,Sakharkhanda Rato,Roots & Tubers,93.0,67.6,1.35,0.5,29.1,1.0,126.0,145.81,33.97,2.21,0.0,2.42,0.0,0.0,0.0,15,2.0,0.02,estimated,Standard 100g serving,100.0,100g serving,True,True,True,True,True,2.0,True,True,True
E12,Turnip Red,Salgam,Roots & Tubers,60.0,88.9,1.2,0.2,7.7,1.3,37.0,47.7,35.2,2.3,1.2,0.0,0.0,0.0,0.0,15,2.0,0.02,estimated,Standard 100g serving,100.0,100g serving,True,True,True,True,True,2.0,True,True,True
E13,Yam Wild,Ban Tarul,Roots & Tubers,89.0,70.4,2.5,0.3,29.1,0.8,110.0,20.0,74.0,1.0,97.0,1.0,0.19,0.45,1.2,15,2.0,0.02,estimated,Standard 100g serving,100.0,100g serving,True,True,True,True,True,2.0,True,True,True
E14,Cassava,Tarul,Roots & Tubers,0.0,62.5,1.2,0.3,34.7,0.43,146.0,33.0,0.0,0.7,0.0,0.0,0.0,0.0,0.0,15,2.0,0.02,estimated,Standard 100g serving,100.0,100g serving,True,True,True,True,True,2.0,True,True,True
F01,Gundruk (Mustard),Toriko Gundruk,Veg Products,100.0,11.7,15.9,0.7,55.65,9.21,293.0,2488.0,0.0,94.3,1520.0,0.0,0.0,0.0,0.0,400,1.0,0.02,estimated,1 serving gundruk,30.0,1 small katori,False,False,True,True,False,1.0,True,True,True
F02,Mulako Sinki,Mulako Sinki,Veg Products,100.0,11.1,12.0,0.7,47.5,14.92,245.0,0.0,0.0,0.0,0.0,0.0,0.0,0.0,0.0,400,1.0,0.02,estimated,1 serving sinki,30.0,1 small katori,True,True,True,True,True,2.0,True,True,True
F03,Maseura Black Gram+Colocasia,Maseura,Veg Products,100.0,7.9,19.8,0.7,63.8,3.5,341.0,17.6,401.0,4.5,0.0,0.0,0.0,0.0,0.0,400,1.0,0.02,estimated,Standard 100g serving,100.0,100g serving,True,True,True,True,True,2.0,True,True,True
G01,Apple,Syaau,Fruits,90.0,84.6,0.2,0.5,13.4,1.0,59.0,10.0,14.0,0.66,0.0,1.0,0.0,0.0,0.0,5,10.0,0.02,estimated,Standard 100g serving,100.0,100g serving,False,False,True,False,False,2.0,True,True,False
G02,Amala (Big),Amala Thulo,Fruits,95.0,86.7,0.0,0.2,13.7,3.6,54.0,0.0,0.0,0.0,0.0,324.1,0.0,0.0,0.0,5,10.0,0.02,estimated,Standard 100g serving,100.0,100g serving,True,True,True,True,True,2.0,True,True,True
G03,Amala Small,Amala Sano,Fruits,93.0,80.92,0.0,0.2,11.9,3.21,58.0,50.0,20.0,1.2,0.0,562.62,0.03,0.01,0.2,5,10.0,0.02,estimated,Standard 100g serving,100.0,100g serving,True,True,True,True,True,2.0,True,True,True
G04,Apricot Fresh,Khurpani Taja,Fruits,86.0,85.3,1.0,0.3,11.6,1.1,53.0,20.0,25.0,2.2,2160.0,6.0,0.04,0.3,0.6,5,10.0,0.02,estimated,Standard 100g serving,100.0,100g serving,True,True,False,False,False,2.0,True,True,False
G05,Apricot Dried,Khurpani Sukeko,Fruits,93.0,19.4,1.6,0.7,73.4,2.1,306.0,110.0,70.0,4.6,58.0,2.0,0.22,0.0,2.3,5,55.0,0.02,estimated,Standard 100g serving,100.0,100g serving,True,True,True,True,True,2.0,True,True,True
G06,Banana Ripe,Kera Pakeko,Fruits,71.0,70.1,1.2,0.3,27.2,0.4,116.0,17.0,36.0,0.37,78.0,7.0,0.05,0.08,0.5,5,10.0,0.02,estimated,1 medium banana,100.0,1 piece,True,True,True,True,True,1.0,False,True,True
G07,Bael Fruit,Bael,Fruits,64.0,61.5,1.8,0.3,31.8,2.9,137.0,85.0,50.0,0.6,55.0,8.0,0.13,0.03,1.1,5,10.0,0.02,estimated,Standard 100g serving,100.0,100g serving,True,True,True,True,True,2.0,True,True,True
G08,Dates Dried,Chhokada Sukeko,Fruits,86.0,15.3,2.5,0.4,75.8,3.9,317.0,120.0,50.0,7.3,26.0,3.0,0.01,0.02,0.9,5,55.0,0.02,estimated,Standard 100g serving,100.0,100g serving,True,True,True,True,True,2.0,True,True,True
G09,Figs,Anjir,Fruits,99.0,88.1,1.3,0.2,7.6,2.2,37.0,80.0,30.0,1.0,162.0,5.0,0.06,0.05,0.6,5,10.0,0.02,estimated,Standard 100g serving,100.0,100g serving,True,True,True,True,True,2.0,True,True,True
G10,Guava Country,Amba Esthaniya,Fruits,100.0,81.7,0.9,0.3,11.2,5.2,51.0,10.0,28.0,0.27,0.0,212.0,0.03,0.03,0.4,5,10.0,0.02,estimated,Standard 100g serving,100.0,100g serving,False,True,True,True,False,1.0,False,True,True
G11,Jack Fruit Ripe Seed,Rukhkatahar Pakeko,Fruits,30.0,76.2,1.9,0.1,19.8,0.9,88.0,20.0,41.0,0.56,175.0,7.0,0.03,0.13,0.13,5,10.0,0.02,estimated,Standard 100g serving,100.0,100g serving,True,True,True,True,True,2.0,True,True,True
G12,Lapsi,Lapsi,Fruits,59.0,79.9,0.5,0.02,17.68,1.4,73.0,218.0,20.6,2.7,0.0,48.15,0.0,0.0,0.0,5,10.0,0.02,estimated,Standard 100g serving,100.0,100g serving,False,True,True,False,False,1.0,False,True,True
G13,Lemon (Nibuwa),Nibuwa,Fruits,0.0,85.0,1.0,0.9,11.1,0.7,57.0,70.0,10.0,0.26,0.0,39.0,0.02,0.01,0.1,5,10.0,0.02,estimated,Standard 100g serving,100.0,100g serving,True,True,True,True,True,1.0,False,True,True
G14,Lichi,Lichi,Fruits,68.0,84.1,1.1,0.2,13.6,0.5,61.0,10.0,35.0,0.7,0.0,31.0,0.02,0.06,0.4,5,10.0,0.02,estimated,Standard 100g serving,100.0,100g serving,True,True,True,True,True,2.0,True,True,True
G15,Mango Ripe,Anpa Pakeko,Fruits,74.0,81.0,0.6,0.4,16.9,0.7,74.0,14.0,16.0,1.3,2743.0,16.0,0.8,0.09,0.9,5,10.0,0.02,estimated,1 medium mango slice serving,80.0,1 cup sliced,False,True,False,False,False,2.0,False,True,True
G16,Mulberry,Kimbu,Fruits,100.0,86.5,1.1,0.4,10.3,1.1,49.0,70.0,30.0,2.3,57.0,12.0,0.04,0.13,0.5,5,10.0,0.02,estimated,Standard 100g serving,100.0,100g serving,True,True,True,True,True,2.0,True,True,True
G17,Orange,Suntala,Fruits,67.0,87.6,0.7,0.2,10.9,0.3,48.0,26.0,20.0,0.32,1104.0,30.0,0.0,0.0,0.0,5,10.0,0.02,estimated,1 medium orange,150.0,1 piece,False,False,True,True,False,1.0,True,True,True
G18,Papaya Ripe,Mewa Pakeko,Fruits,75.0,90.8,0.6,0.1,7.2,0.8,32.0,17.0,13.0,0.5,666.0,57.0,0.4,0.25,0.2,5,10.0,0.02,estimated,1 cup cubed papaya,150.0,1 cup,True,True,True,True,True,1.0,False,True,True
G19,Pineapple,Bhueikatahar,Fruits,60.0,87.8,0.4,0.1,10.8,0.5,46.0,20.0,9.0,2.42,18.0,39.0,0.2,0.12,0.1,5,10.0,0.02,estimated,1 slice,80.0,1 ring,True,True,False,False,False,2.0,False,True,True
G20,Plums,Arubakhada,Fruits,90.0,86.9,0.7,0.5,11.1,0.4,52.0,10.0,12.0,0.6,166.0,5.0,0.04,0.1,0.3,5,10.0,0.02,estimated,Standard 100g serving,100.0,100g serving,True,True,True,True,True,2.0,True,True,True
G21,Pomegranate,Anar,Fruits,68.0,78.0,1.6,0.1,14.5,5.1,65.0,10.0,70.0,1.79,0.0,16.0,0.06,0.1,0.3,5,10.0,0.02,estimated,Standard 100g serving,100.0,100g serving,False,False,True,True,False,2.0,False,True,True
G22,Strawberry,Bhueikakal,Fruits,96.0,87.8,0.7,0.2,9.8,1.1,44.0,30.0,30.0,1.8,18.0,52.0,0.03,0.02,0.2,5,10.0,0.02,estimated,Standard 100g serving,100.0,100g serving,True,True,True,True,True,2.0,True,True,True
G23,Watermelon,Tarbhuja,Fruits,78.0,95.8,0.2,0.2,3.3,0.2,16.0,11.0,12.0,7.9,0.0,1.0,0.2,0.04,0.1,5,10.0,0.02,estimated,Standard 100g serving,100.0,100g serving,False,True,False,False,False,1.0,False,True,True
G24,Pear,Naspati,Fruits,0.0,86.0,0.6,0.2,11.9,1.0,52.0,8.0,15.0,0.5,28.0,0.0,0.06,0.03,0.2,5,10.0,0.02,estimated,Standard 100g serving,100.0,100g serving,True,True,True,True,True,2.0,True,True,True
G25,Grapes Blue,Angur Nilo,Fruits,95.0,82.2,0.6,0.4,13.1,2.8,58.0,20.0,23.0,0.5,3.0,1.0,0.04,0.03,0.2,5,10.0,0.02,estimated,Standard 100g serving,100.0,100g serving,True,True,True,True,True,2.0,True,True,True
G26,Peaches,Aru,Fruits,88.0,86.0,1.2,0.3,10.5,1.2,50.0,15.0,41.0,2.4,0.0,6.0,0.02,0.03,0.5,5,10.0,0.02,estimated,Standard 100g serving,100.0,100g serving,True,True,True,True,True,2.0,True,True,True
H01,Chilli Green,Hariyo Khursani,Condiments,90.0,85.7,2.9,0.6,3.0,6.8,29.0,30.0,80.0,4.4,175.0,111.0,0.19,0.39,0.9,30,2.0,0.05,estimated,1 medium green chilli,10.0,1 piece,True,True,True,True,True,2.0,True,True,True
H02,Chilli Dry,Sukeko Khursani,Condiments,0.0,10.0,15.9,6.2,31.6,30.2,246.0,160.0,370.0,2.3,345.0,50.0,0.93,0.43,9.5,30,2.0,0.05,estimated,Standard 100g serving,100.0,100g serving,True,True,True,True,True,2.0,True,True,True
H03,Coriander Dry,Dhaniya,Condiments,0.0,11.2,14.4,16.1,21.6,32.6,288.0,630.0,393.0,7.1,942.0,0.0,0.22,0.35,1.1,30,2.0,0.05,estimated,Standard 100g serving,100.0,100g serving,True,True,True,True,True,2.0,True,True,True
H04,Cumin Seed,Jeera,Condiments,0.0,11.9,18.7,15.0,36.6,12.0,356.0,1080.0,511.0,11.7,522.0,3.0,0.55,0.36,2.6,30,2.0,0.05,estimated,1 teaspoon cumin,3.0,1 tsp,True,True,True,True,True,2.0,True,True,True
H05,Fenugreek Seed,Methiko Dana,Condiments,0.0,13.7,26.2,5.8,44.1,7.2,333.0,160.0,370.0,6.5,96.0,0.0,0.34,0.29,1.1,30,2.0,0.05,estimated,Standard 100g serving,100.0,100g serving,True,True,True,True,True,2.0,True,True,True
H06,Garlic Fresh,Aduwa Haledo,Condiments,0.0,80.9,2.3,0.9,12.3,2.4,67.0,20.0,60.0,3.5,40.0,6.0,0.06,0.03,0.6,30,2.0,0.05,estimated,3 cloves garlic,9.0,3 cloves,True,True,True,True,True,2.0,True,True,True
H07,Ginger Fresh,Aduwa Taja,Condiments,0.0,80.9,2.3,0.9,12.3,2.4,67.0,20.0,60.0,3.5,40.0,6.0,0.06,0.03,0.6,30,2.0,0.05,estimated,1 inch piece ginger,10.0,1 inch,True,True,True,True,True,2.0,True,True,True
H08,Turmeric,Besar,Condiments,100.0,13.1,6.3,5.1,69.4,2.6,349.0,150.0,282.0,67.8,30.0,0.0,0.03,0.0,2.3,30,2.0,0.05,estimated,1 teaspoon turmeric powder,3.0,1 tsp,True,True,True,True,True,2.0,True,True,True
H09,Pepper Dry,Marich Sukeko,Condiments,95.0,18.2,11.5,6.8,49.2,14.9,304.0,460.0,198.0,12.4,1080.0,0.0,0.09,0.14,1.4,30,2.0,0.05,estimated,Standard 100g serving,100.0,100g serving,True,True,True,True,True,2.0,True,True,True
H10,Tamarind Pulp,Imaiko Gudi,Condiments,0.0,20.9,3.1,0.1,67.4,5.6,283.0,170.0,110.0,17.0,60.0,3.0,0.0,0.0,0.7,30,2.0,0.05,estimated,Standard 100g serving,100.0,100g serving,True,True,True,True,True,2.0,True,True,True
H11,Cardamom,Alaichi,Condiments,0.0,20.0,10.2,2.2,42.1,20.1,229.0,130.0,160.0,4.6,0.0,0.0,0.22,0.17,0.8,30,2.0,0.05,estimated,Standard 100g serving,100.0,100g serving,True,True,True,True,True,2.0,True,True,True
H12,Cinnamon,Dalchini,Condiments,0.0,8.8,6.1,1.9,64.6,26.5,259.0,415.0,69.0,15.0,0.0,0.0,0.0,0.0,0.0,30,2.0,0.05,estimated,Standard 100g serving,100.0,100g serving,True,True,True,True,True,2.0,True,True,True
H13,Mustard Seed,Toriko Dana,Condiments,0.0,8.5,20.0,39.7,23.8,1.8,541.0,490.0,700.0,7.9,162.0,0.0,0.0,0.0,0.0,5,0.0,9.0,estimated,Standard 100g serving,100.0,100g serving,True,True,True,True,True,2.0,True,True,True
I01,Almond,Madeshe Badam,Nuts & Oilseeds,0.0,5.2,20.8,58.9,10.5,1.7,665.0,230.0,490.0,5.09,0.0,0.0,0.0,0.0,0.0,10,3.0,1.0,estimated,Standard 100g serving,100.0,100g serving,True,True,True,True,True,2.0,True,True,True
I02,Cashew Nut,Kaju,Nuts & Oilseeds,0.0,5.9,21.2,46.9,22.3,1.3,596.0,50.0,450.0,5.8,60.0,0.0,0.0,0.0,0.0,10,3.0,1.0,estimated,Standard 100g serving,100.0,100g serving,True,True,True,True,True,2.0,True,True,True
I03,Coconut Fresh,Nariwal Taja,Nuts & Oilseeds,100.0,36.3,4.5,41.6,13.0,3.6,444.0,10.0,240.0,1.7,0.0,1.0,0.05,0.1,0.8,10,3.0,1.0,estimated,Standard 100g serving,100.0,100g serving,True,True,True,True,True,2.0,True,True,True
I04,Groundnut Raw,Badam Kachha,Nuts & Oilseeds,73.0,3.0,25.3,40.1,26.1,3.1,567.0,90.0,350.0,2.5,37.0,0.0,0.0,0.0,0.0,10,3.0,1.0,estimated,Standard 100g serving,100.0,100g serving,True,True,True,True,True,2.0,True,True,True
I05,Groundnut Roasted,Badam Bhuteko,Nuts & Oilseeds,69.0,1.7,26.2,39.8,26.7,3.1,570.0,77.0,370.0,3.1,0.0,0.0,0.39,0.13,22.1,10,3.0,1.0,estimated,1 small handful,30.0,1 small handful,True,True,True,True,True,1.0,False,True,True
I06,Linseed Seeds,Aalasako Geda,Nuts & Oilseeds,99.0,6.5,20.3,37.7,28.3,4.8,533.0,170.0,370.0,2.7,30.0,0.0,0.0,0.0,0.0,5,1.0,22.0,estimated,Standard 100g serving,100.0,100g serving,True,True,True,True,True,2.0,True,True,True
I07,Mustard Seed (Oil),Tori Dana,Nuts & Oilseeds,0.0,8.5,20.0,39.7,23.8,1.8,541.0,490.0,700.0,7.9,162.0,0.0,0.0,0.0,0.0,5,0.0,9.0,estimated,Standard 100g serving,100.0,100g serving,True,True,True,True,True,2.0,True,True,True
I08,Niger Seed,Kalo Til,Nuts & Oilseeds,0.0,4.2,23.9,39.0,17.1,10.9,515.0,300.0,224.0,56.7,0.0,0.0,0.0,0.0,0.0,10,3.0,1.0,estimated,Standard 100g serving,100.0,100g serving,True,True,True,True,True,2.0,True,True,True
I09,Sesame Seed Black,Kalo Til Dana,Nuts & Oilseeds,0.0,6.36,21.3,47.97,9.33,8.86,554.0,0.0,0.0,0.0,0.0,0.0,0.0,0.0,0.0,10,3.0,1.0,estimated,Standard 100g serving,100.0,100g serving,True,True,True,True,True,2.0,True,True,True
I10,Sesame Seed White,Seto Til Dana,Nuts & Oilseeds,0.0,4.28,25.9,49.57,12.4,2.53,599.0,0.0,442.0,4.59,0.0,0.0,0.0,0.0,0.0,10,3.0,1.0,estimated,Standard 100g serving,100.0,100g serving,False,False,True,True,False,1.0,True,True,True
I11,Sunflower Seed,Suryamukhiko Geda,Nuts & Oilseeds,52.0,5.5,19.8,52.1,17.9,1.0,620.0,280.0,670.0,5.0,0.0,1.0,0.0,0.0,0.0,10,3.0,1.0,estimated,Standard 100g serving,100.0,100g serving,True,True,True,True,True,2.0,True,True,True
I12,Walnut,Okhar,Nuts & Oilseeds,45.0,4.5,15.6,64.5,11.0,2.6,687.0,100.0,380.0,2.04,6.0,0.0,0.0,0.0,0.0,2,2.5,9.0,estimated,4 walnut halves,30.0,4 halves,False,False,True,True,False,2.0,True,True,False
J01,Buffalo Meat (Lean),Ranga ko Masu,Meat,0.0,78.7,19.4,0.9,0.0,0.0,86.0,3.0,189.0,0.0,0.0,0.0,0.0,0.0,0.0,70,0.0,0.1,estimated,1 serving buff curry,80.0,1 small bowl,True,True,True,True,True,2.0,True,True,True
J02,Chicken Flesh,Kukhura ko Masu,Meat,0.0,68.7,18.8,17.6,0.0,0.0,187.0,12.0,188.0,3.0,0.0,0.0,0.0,0.0,0.0,70,0.0,0.1,estimated,1 serving chicken,80.0,1 small bowl,True,True,True,True,True,2.0,False,True,True
J03,Duck Meat,Hanss ko Masu,Meat,0.0,72.3,21.6,4.8,0.0,0.0,130.0,4.0,235.0,0.0,0.0,0.0,0.0,0.0,0.0,70,0.0,0.1,estimated,Standard 100g serving,100.0,100g serving,True,True,True,True,True,2.0,True,True,True
J04,Goat Meat (Lean),Khasi ko Masu,Meat,0.0,74.2,21.4,3.6,0.0,0.0,118.0,12.0,193.0,0.0,0.0,0.0,0.0,0.0,0.0,70,0.0,0.1,estimated,1 serving mutton,80.0,1 small bowl,True,True,True,True,True,2.0,True,True,True
J05,Liver Goat,Khasiko Kalejo,Meat,0.0,76.3,20.0,3.0,1.3,0.0,107.0,17.0,279.0,0.0,0.0,0.0,0.0,0.0,17.6,70,0.0,0.1,estimated,Standard 100g serving,100.0,100g serving,True,True,True,True,True,2.0,True,True,True
J06,Liver Sheep,Vedako Kalejo,Meat,0.0,70.4,19.3,7.5,1.3,0.0,150.0,10.0,380.0,6.3,22300.0,20.0,0.36,1.7,6.8,70,0.0,0.1,estimated,Standard 100g serving,100.0,100g serving,True,True,True,True,True,2.0,True,True,True
J07,Mutton Muscle,Khasi Manchhe ko Masu,Meat,0.0,71.5,18.5,13.3,0.0,0.0,194.0,150.0,150.0,2.5,0.0,0.0,0.36,0.14,2.8,70,0.0,0.1,estimated,Standard 100g serving,100.0,100g serving,True,True,True,True,True,2.0,True,True,True
J08,Pork Muscle,Sungurako Masu,Meat,0.0,77.4,18.7,4.4,0.0,0.0,114.0,30.0,200.0,2.2,0.0,0.0,0.0,0.0,0.0,70,0.0,0.1,estimated,Standard 100g serving,100.0,100g serving,True,True,True,True,True,2.0,True,True,True
J09,Venison,Harinka Masu,Meat,0.0,75.3,21.0,0.6,1.9,0.0,97.0,3.0,233.0,0.0,0.0,0.0,0.0,0.0,0.0,70,0.0,0.1,estimated,Standard 100g serving,100.0,100g serving,True,True,True,True,True,2.0,True,True,True
K01,Hen Egg,Kukhurako Ful,Eggs,0.0,73.7,13.3,13.3,0.605,1.1,173.0,60.0,220.0,2.1,600.0,0.0,0.1,0.4,0.0,140,0.5,0.15,estimated,1 whole egg,50.0,1 piece,True,True,True,True,True,1.0,False,True,True
K02,Duck Egg,Hanss ko Ful,Eggs,0.0,71.0,13.5,13.5,0.8,1.1,181.0,70.0,260.0,2.5,540.0,0.0,0.12,0.26,0.1,140,0.5,0.15,estimated,Standard 100g serving,100.0,100g serving,True,True,True,True,True,2.0,True,True,True
K03,Quail Egg,Battaiko Ful,Eggs,0.0,74.35,13.0,11.09,0.41,1.1,158.0,62.0,220.0,3.7,0.0,0.0,0.0,0.0,0.0,140,0.5,0.15,estimated,Standard 100g serving,100.0,100g serving,True,True,True,True,True,2.0,True,True,True
L01,Hisla (Hilsa),Hilsa Machha,Fish,0.0,53.7,21.8,19.4,2.9,1.1,273.0,180.0,280.0,2.1,0.0,24.0,0.0,0.0,2.8,70,0.0,1.8,estimated,Standard 100g serving,100.0,100g serving,True,True,True,True,True,2.0,True,True,True
L02,Katla,Katla Machha,Fish,0.0,73.7,19.5,2.4,2.9,1.1,111.0,530.0,235.0,0.9,0.0,0.0,0.0,0.0,0.8,80,0.0,0.8,estimated,Standard 100g serving,100.0,100g serving,True,True,True,True,True,2.0,True,True,True
L03,Mungri (Magur),Mungri Machha,Fish,0.0,78.5,15.0,1.0,4.2,1.1,86.0,210.0,290.0,0.7,0.0,11.0,0.0,0.0,0.5,80,0.0,0.8,estimated,Standard 100g serving,100.0,100g serving,True,True,True,True,True,2.0,True,True,True
L04,Rahu (Rohu),Rahu Machha,Fish,78.0,76.7,16.7,1.4,4.4,1.1,97.0,650.0,175.0,1.0,0.0,22.0,0.05,0.05,0.7,80,0.0,0.8,estimated,1 serving fish,80.0,1 medium piece,True,True,True,True,True,2.0,False,True,True
L05,Singhi,Singhi Machha,Fish,0.0,68.0,22.8,0.6,6.9,1.1,124.0,670.0,650.0,2.3,0.0,9.0,0.0,0.0,0.8,80,0.0,0.8,estimated,Standard 100g serving,100.0,100g serving,True,True,True,True,True,2.0,True,True,True
L06,Tengra,Tengra Machha,Fish,0.0,70.0,19.2,6.4,2.3,1.1,144.0,270.0,170.0,2.0,0.0,18.0,0.0,0.0,0.0,80,0.0,0.8,estimated,Standard 100g serving,100.0,100g serving,True,True,True,True,True,2.0,True,True,True
L07,Prawn,Jhinnge Machha,Fish,45.0,77.4,19.1,1.0,0.8,1.1,89.0,323.0,278.0,5.3,0.0,0.0,0.01,0.01,4.8,150,0.0,0.5,estimated,Standard 100g serving,100.0,100g serving,True,True,True,True,True,2.0,True,True,True
L08,Dry Fish (Sun Dried),Sukeko Machha,Fish,0.0,13.96,64.9,4.21,16.9,1.1,366.0,0.0,0.0,0.0,0.0,0.0,0.0,0.0,0.0,2000,0.0,0.6,estimated,Standard 100g serving,100.0,100g serving,True,True,True,True,True,1.0,True,True,True
M01,Buffalo Milk,Bhainsiko Dudh,Milk,100.0,81.0,4.3,6.5,7.4,0.3,105.0,210.0,130.0,0.2,160.0,1.0,0.04,0.1,0.1,50,4.5,0.05,estimated,1 glass milk,200.0,1 glass (200ml),True,True,True,True,True,2.0,True,True,True
M02,Cow Milk,Gaiko Dudh,Milk,100.0,87.5,3.2,4.1,4.4,0.3,67.0,120.0,90.0,0.2,174.0,2.0,0.05,0.19,0.1,50,4.5,0.05,estimated,1 glass milk,200.0,1 glass (200ml),True,True,True,True,True,1.0,True,True,True
M03,Curd (Dahi),Dahi,Milk,100.0,89.1,3.1,4.0,3.0,0.3,60.0,149.0,93.0,0.2,137.0,1.0,0.02,0.05,0.1,50,4.5,0.05,estimated,1 small cup dahi,100.0,1 katori,True,True,True,True,True,1.0,True,True,True
M04,Goat Milk,Bakhrako Dudh,Milk,100.0,86.8,3.3,4.5,4.6,0.3,72.0,170.0,120.0,0.3,0.0,1.0,0.0,0.04,0.3,50,4.5,0.05,estimated,Standard 100g serving,100.0,100g serving,True,True,True,True,True,2.0,True,True,True
M05,Paneer,Paneer,Milk,100.0,47.5,23.7,26.0,0.6,0.3,331.0,441.0,435.0,4.5,0.0,0.0,0.0,0.0,0.0,20,2.0,0.02,estimated,Standard 100g serving,100.0,100g serving,True,True,True,True,True,2.0,False,True,True
M06,Cheese,Cheese,Milk,100.0,40.3,24.1,25.1,6.3,0.3,348.0,790.0,520.0,2.1,0.0,0.0,0.0,0.0,0.0,620,1.0,0.02,estimated,Standard 100g serving,100.0,100g serving,True,True,True,True,True,2.0,True,True,True
M07,Buttermilk,Mohi,Milk,100.0,97.5,0.8,1.1,0.5,0.3,15.0,30.0,30.0,0.1,102.0,0.0,0.05,0.0,0.0,500,0.0,0.02,estimated,Standard 100g serving,100.0,100g serving,True,True,True,True,True,2.0,True,True,True
M08,Khuwa (Whole Buffalo Milk),Khuwa,Milk,100.0,30.6,14.6,31.2,20.5,0.3,421.0,650.0,420.0,5.8,273.0,0.0,0.0,0.0,0.0,50,4.5,0.05,estimated,Standard 100g serving,100.0,100g serving,True,True,True,True,True,2.0,True,True,True
M09,Skimmed Milk Powder,Gaiko Dudhko Powder (Fat Free),Milk,100.0,4.1,38.0,0.1,51.0,0.3,357.0,1370.0,1000.0,1.4,5.0,0.0,0.0,1.64,1.0,50,4.5,0.05,estimated,Standard 100g serving,100.0,100g serving,True,True,True,True,True,2.0,True,True,True
M10,Human Milk,Manchheko Dudh,Milk,100.0,88.0,1.1,3.4,7.4,0.3,65.0,28.0,11.0,0.0,182.0,3.0,0.05,0.02,0.0,17,7.0,0.05,estimated,Standard 100g serving,100.0,100g serving,True,True,True,True,True,2.0,True,True,True
N01,Butter,Makhhan,Fats & Oils,100.0,19.0,6.0,81.0,16.6,1.1,729.0,0.0,0.0,0.0,3200.0,0.0,0.0,0.0,0.0,500,0.0,0.02,estimated,Standard 100g serving,100.0,100g serving,True,True,True,True,True,2.0,True,True,True
N02,Ghee Cow,Gaiko Ghyu,Fats & Oils,100.0,19.0,6.0,100.0,16.6,1.1,900.0,0.0,0.0,0.0,2000.0,0.0,0.0,0.0,0.0,500,0.0,0.02,estimated,1 teaspoon ghee,5.0,1 tsp,True,True,True,True,True,2.0,True,True,True
N03,Ghee Buffalo,Bhainsiko Ghyu,Fats & Oils,100.0,19.0,6.0,100.0,16.6,1.1,900.0,0.0,0.0,0.0,900.0,0.0,0.0,0.0,0.0,500,0.0,0.02,estimated,Standard 100g serving,100.0,100g serving,True,True,True,True,True,2.0,True,True,True
N04,Vegetable Cooking Oil,Vanaspati Tel,Fats & Oils,100.0,19.0,6.0,100.0,16.6,1.1,900.0,0.0,0.0,0.0,0.0,0.0,0.0,0.0,0.0,5,0.0,0.1,estimated,1 tablespoon oil,14.0,1 tbsp,True,True,True,True,True,1.0,False,True,True
N05,Mustard Oil,Tori Tel,Fats & Oils,100.0,19.0,6.0,100.0,16.6,1.1,900.0,0.0,0.0,0.0,0.0,0.0,0.0,0.0,0.0,5,0.0,9.0,estimated,Standard 100g serving,100.0,100g serving,True,True,True,True,True,2.0,True,True,True
O01,Brown Bread,Pauroti Khairo,Misc,100.0,39.0,8.8,1.4,49.0,1.2,244.0,18.0,0.0,2.2,0.0,0.0,0.21,0.0,0.7,450,4.0,0.05,estimated,Standard 100g serving,100.0,100g serving,True,True,True,True,True,2.0,True,True,True
O02,White Bread,Pauroti Seto,Misc,100.0,39.0,7.8,0.7,51.9,0.2,245.0,11.0,0.0,1.1,0.0,0.0,0.0,0.0,0.0,450,4.0,0.05,estimated,Standard 100g serving,100.0,100g serving,True,True,True,True,True,2.0,True,True,True
O03,Honey,Maha,Misc,0.0,2.06,0.3,0.0,79.5,0.65,319.0,5.0,16.0,0.9,0.0,4.0,0.0,0.04,0.2,5,82.0,0.0,estimated,1 tablespoon honey,20.0,1 tablespoon,True,True,True,True,True,2.0,True,True,True
O04,Jaggery Cane,Sakkhar,Misc,0.0,3.9,0.4,0.1,95.0,0.65,383.0,80.0,40.0,11.4,168.0,0.0,0.02,0.04,0.5,15,70.0,0.0,estimated,1 small piece gur,15.0,1 small piece,True,True,True,True,True,2.0,True,True,True
O05,Cane Sugar,Chini,Misc,100.0,0.4,0.1,0.0,99.4,0.0,398.0,0.0,0.0,0.0,0.0,0.0,0.0,0.0,0.0,1,99.0,0.0,estimated,Standard 100g serving,100.0,100g serving,True,True,True,True,True,2.0,True,True,True
O06,Pumpkin Seed,Pharsi ko Geda,Misc,70.0,8.0,24.3,47.2,15.6,0.2,584.0,50.0,830.0,5.5,38.0,1.0,0.33,0.16,3.1,150,15.0,0.05,estimated,Standard 100g serving,100.0,100g serving,True,True,True,True,True,2.0,True,True,True
O07,Jack Fruit Seeds,Kataharko Binya,Misc,0.0,64.5,6.6,0.4,25.8,1.5,133.0,50.0,97.0,1.5,10.0,11.0,0.25,0.11,0.3,150,15.0,0.05,estimated,Standard 100g serving,100.0,100g serving,True,True,True,True,True,2.0,True,True,True
O08,Coconut Tender,Nariwal Kancho,Misc,0.0,90.8,0.9,1.1,6.3,0.65,41.0,10.0,30.0,0.9,0.0,0.0,0.0,0.0,0.0,150,15.0,0.05,estimated,Standard 100g serving,100.0,100g serving,True,True,True,True,True,2.0,True,True,True
O09,Papad,Papad,Misc,100.0,20.3,18.8,0.3,52.4,0.65,228.0,80.0,300.0,17.2,0.0,0.0,0.0,0.0,0.0,700,2.0,0.05,estimated,Standard 100g serving,100.0,100g serving,True,True,True,True,True,2.0,True,True,True
O10,Biscuit Salty,Biscuit Nunilo,Misc,100.0,4.5,6.6,32.4,54.6,0.65,534.0,0.0,0.0,0.0,0.0,0.0,0.0,0.0,0.0,700,2.0,0.05,estimated,Standard 100g serving,100.0,100g serving,True,True,True,True,True,2.0,True,True,True
O11,Biscuit Sweet,Biscuit Guliyo,Misc,100.0,5.4,6.4,15.2,71.9,0.65,450.0,0.0,0.0,0.0,0.0,0.0,0.0,0.0,0.0,100,35.0,0.05,estimated,Standard 100g serving,100.0,100g serving,True,True,True,True,True,2.0,True,True,True
O12,Corn Flakes,Makaiko Chaikla,Misc,100.0,2.2,7.4,0.5,52.4,1.1,319.0,0.0,0.0,0.0,0.0,0.0,0.0,0.0,0.0,600,8.0,0.05,estimated,Standard 100g serving,100.0,100g serving,True,True,True,True,True,2.0,True,True,True
P01,Cooked Rice,Bhat,Cooked Foods,0.0,67.5,2.5,0.17,29.4,0.0,129.0,0.0,0.0,0.0,0.0,0.0,0.0,0.0,0.0,350,2.0,0.05,estimated,Standard dal bhat plate rice portion,200.0,1 large serving,True,True,True,True,True,2.0,True,True,True
P02,Dal (Cooked Pulses),Tarkari Daal,Cooked Foods,0.0,86.3,3.3,0.6,7.4,0.72,48.7,0.0,0.0,0.0,0.0,0.0,0.0,0.0,0.0,350,2.0,0.05,estimated,Standard dal bhat plate dal portion,150.0,1 bowl,True,True,True,True,True,2.0,True,True,True
P03,Green Vegetables Cooked,Hariyo Tarkari,Cooked Foods,0.0,83.1,2.0,2.61,7.3,2.32,61.0,0.0,0.0,0.0,0.0,0.0,0.0,0.0,0.0,350,2.0,0.05,estimated,Standard 100g serving,100.0,100g serving,True,True,True,True,True,2.0,True,True,True
P04,Dhindo (Maize Dough),Dhindo,Cooked Foods,0.0,53.2,2.8,1.2,22.2,0.72,111.0,6.0,0.0,0.72,0.0,0.0,0.0,0.0,0.0,350,2.0,0.05,estimated,Standard 100g serving,100.0,100g serving,True,True,True,True,True,2.0,True,True,True
P05,Buff Momo,Buff Momo,Cooked Foods,100.0,53.2,11.7,7.74,24.6,0.89,215.0,0.0,0.0,0.0,0.0,0.0,0.0,0.0,0.0,450,1.0,0.05,estimated,1 plate buff momo (8 pieces),160.0,8 pieces,True,True,True,True,True,2.0,True,True,True
P06,Chicken Momo,Chicken Momo,Cooked Foods,100.0,56.4,9.8,8.06,23.6,0.55,206.0,0.0,0.0,0.0,0.0,0.0,0.0,0.0,0.0,450,1.0,0.05,estimated,1 plate chicken momo (8 pieces),160.0,8 pieces,True,True,True,True,True,2.0,True,True,True
P07,Vegetable Momo,Veg Momo,Cooked Foods,100.0,62.9,4.4,2.25,27.6,1.17,148.0,0.0,0.0,0.0,0.0,0.0,0.0,0.0,0.0,450,1.0,0.05,estimated,Standard 100g serving,100.0,100g serving,True,True,True,True,True,2.0,True,True,True
P08,Samosa,Samosa,Cooked Foods,0.0,41.3,4.6,14.8,36.7,0.48,298.0,0.0,0.0,0.0,0.0,0.0,0.0,0.0,0.0,450,1.0,0.05,estimated,Standard 100g serving,100.0,100g serving,True,True,True,True,True,2.0,True,True,True
P09,Sel (Sel Roti),Sel Roti,Cooked Foods,0.0,22.1,4.5,11.7,61.3,0.07,225.0,0.0,0.0,0.0,0.0,0.0,0.0,0.0,0.0,350,2.0,0.05,estimated,1 sel roti,60.0,1 piece,True,True,True,True,True,2.0,True,True,True
P10,Jeri (Jalebi),Jeri,Cooked Foods,0.0,15.8,2.4,21.3,60.4,0.0,445.0,0.0,0.0,0.0,0.0,0.0,0.0,0.0,0.0,100,35.0,0.05,estimated,Standard 100g serving,100.0,100g serving,True,True,True,True,True,2.0,True,True,True
P11,Aaluchap,Aaluchap,Cooked Foods,0.0,51.5,4.2,11.5,29.6,1.01,238.0,0.0,0.0,0.0,0.0,0.0,0.0,0.0,0.0,450,1.0,0.05,estimated,Standard 100g serving,100.0,100g serving,True,True,True,True,True,2.0,True,True,True
P12,Pakauda,Pakauda,Cooked Foods,0.0,29.5,5.4,21.1,37.3,3.05,361.0,0.0,0.0,0.0,0.0,0.0,0.0,0.0,0.0,450,1.0,0.05,estimated,Standard 100g serving,100.0,100g serving,True,True,True,True,True,2.0,True,True,True
P13,Dal Bhat (Rice + Lentil),Dal Bhat,Cooked Foods,0.0,53.2,5.8,0.87,36.8,0.72,178.0,0.0,0.0,0.0,0.0,0.0,0.0,0.0,0.0,350,2.0,0.05,estimated,Standard 100g serving,100.0,100g serving,True,True,True,True,True,2.0,True,True,True
Q01,Wai Wai Noodles,Wai Wai,Supplementary,0.0,1.8,7.68,20.0,66.4,0.15,476.0,87.0,120.0,4.4,0.0,0.0,0.0,0.0,0.0,1000,3.0,0.1,estimated,1 packet wai wai,75.0,1 packet,True,True,True,True,True,2.0,True,True,True
Q02,Rara Noodles,Rara,Supplementary,0.0,2.0,6.15,19.9,70.0,0.14,484.0,56.0,98.0,5.1,0.0,0.0,0.0,0.0,0.0,1000,3.0,0.1,estimated,Standard 100g serving,100.0,100g serving,True,True,True,True,True,2.0,True,True,True
Q03,Muesli,Muesli,Supplementary,0.0,5.9,10.06,5.6,75.0,2.07,390.0,220.0,21.0,1.0,0.0,0.0,0.0,0.0,0.0,900,3.0,0.1,estimated,Standard 100g serving,100.0,100g serving,True,True,True,True,True,2.0,True,True,True
