user_id,age,sex,weight_kg,height_cm,bmi,activity_level,bmr_kcal,tdee_kcal,diet_type,region,health_condition,food_allergy,vegetable_preference,budget_tier
USR0001,8,Male,61.6,159.0,24.4,Moderate,1575,2441,Vegetarian,Mountain,None,Fish,Likes all,1
USR0002,32,Male,63.5,175.8,20.5,Moderate,1579,2447,Vegan,Hills,None,Gluten,No bitter,1
USR0003,59,Male,58.9,168.9,20.6,Moderate,1355,2100,Vegetarian,Terai,Anaemia,None,No bitter,2
USR0004,10,Female,52.6,145.4,24.9,Heavy,1224,2111,Vegetarian,Mountain,Diabetes,Nuts,Prefers cooked,1
USR0005,34,Male,66.2,142.0,32.8,Moderate,1384,2145,Vegetarian,Hills,Diabetes,Gluten,No bitter,1
USR0006,50,Female,55.8,159.3,22.0,Sedentary,1143,1372,Vegan,Terai,Underweight,None,Prefers cooked,2
USR0007,39,Female,66.8,153.3,28.4,Moderate,1270,1968,Non-Vegetarian,Terai,None,None,No bitter,2
USR0008,13,Female,59.2,170.2,20.4,Moderate,1430,2216,Non-Vegetarian,Hills,Anaemia,Gluten,Prefers cooked,2
USR0009,36,Male,61.6,155.0,25.6,Heavy,1410,2432,Vegan,Hills,Hypertension,None,Prefers cooked,3
USR0010,16,Female,54.6,140.1,27.8,Moderate,1181,1831,Non-Vegetarian,Hills,Lactose Intolerance,None,No leafy,2
USR0011,72,Female,53.9,162.9,20.3,Sedentary,1036,1243,Vegetarian,Mountain,Diabetes,Nuts,Likes all,2
USR0012,25,Female,32.6,159.0,12.9,Moderate,1034,1603,Vegan,Terai,Underweight,None,No bitter,3
USR0013,24,Male,57.8,168.4,20.4,Sedentary,1516,1819,Vegan,Hills,Obesity,None,Likes all,2
USR0014,35,Female,71.3,159.1,28.2,Sedentary,1371,1645,Vegetarian,Hills,None,None,Prefers cooked,2
USR0015,38,Male,48.5,163.1,18.2,Moderate,1319,2044,Vegan,Terai,Diabetes,Fish,No bitter,2
USR0016,20,Female,54.0,156.5,22.0,Sedentary,1257,1508,Vegan,Mountain,None,None,Likes all,1
USR0017,34,Male,64.3,165.8,23.4,Moderate,1514,2347,Vegetarian,Mountain,None,Milk,No leafy,1
USR0018,65,Male,62.5,174.0,20.6,Heavy,1392,2401,Non-Vegetarian,Terai,None,Fish,No bitter,2
USR0019,64,Female,56.0,152.2,24.2,Sedentary,1030,1236,Vegetarian,Hills,Hypertension,None,Prefers cooked,1
USR0020,73,Male,52.1,167.7,18.5,Moderate,1209,1874,Non-Vegetarian,Terai,None,Gluten,Likes all,1
USR0021,16,Male,79.4,158.1,31.8,Moderate,1707,2646,Non-Vegetarian,Hills,Obesity,None,No leafy,1
USR0022,53,Male,71.9,165.1,26.4,Heavy,1491,2572,Non-Vegetarian,Hills,Underweight,Gluten,Prefers cooked,1
USR0023,32,Female,65.6,152.2,28.3,Sedentary,1286,1543,Non-Vegetarian,Terai,None,Gluten,Prefers cooked,1
USR0024,28,Male,65.4,166.3,23.6,Moderate,1558,2415,Non-Vegetarian,Terai,Lactose Intolerance,None,Likes all,3
USR0025,58,Male,54.9,156.4,22.4,Moderate,1242,1925,Non-Vegetarian,Terai,Celiac,Nuts,Prefers cooked,2
USR0026,21,Female,50.4,148.8,22.8,Moderate,1168,1810,Vegetarian,Terai,Obesity,None,Likes all,3
USR0027,69,Male,59.8,183.5,17.8,Sedentary,1405,1686,Non-Vegetarian,Hills,Diabetes,None,No leafy,3
USR0028,72,Female,70.6,154.6,29.5,Moderate,1151,1784,Vegetarian,Terai,Diabetes,None,Likes all,3
USR0029,39,Male,60.6,170.4,20.9,Moderate,1481,2296,Non-Vegetarian,Hills,Underweight,Gluten,No bitter,1
USR0030,59,Male,63.4,162.9,23.9,Moderate,1362,2111,Non-Vegetarian,Hills,None,Gluten,No leafy,3
USR0031,19,Male,80.4,172.5,27.0,Moderate,1792,2778,Vegan,Terai,Hypertension,None,No leafy,1
USR0032,44,Male,46.7,179.0,14.6,Sedentary,1371,1645,Non-Vegetarian,Terai,Celiac,None,Likes all,2
USR0033,24,Female,59.9,151.7,26.0,Moderate,1266,1962,Non-Vegetarian,Hills,None,None,No bitter,2
USR0034,39,Male,70.4,175.5,22.9,Heavy,1611,2779,Vegetarian,Hills,None,None,No leafy,2
USR0035,34,Female,56.2,164.1,20.9,Heavy,1257,2168,Non-Vegetarian,Hills,None,Milk,No bitter,3
USR0036,73,Female,53.0,155.4,21.9,Moderate,975,1511,Non-Vegetarian,Mountain,Diabetes,None,Likes all,3
USR0037,49,Female,53.0,148.0,24.2,Sedentary,1049,1259,Non-Vegetarian,Mountain,None,Milk,Likes all,2
USR0038,71,Male,73.1,160.5,28.4,Moderate,1384,2145,Non-Vegetarian,Hills,None,Nuts,No bitter,1
USR0039,69,Female,50.6,160.7,19.6,Heavy,1004,1732,Non-Vegetarian,Mountain,None,None,No leafy,2
USR0040,43,Male,46.3,173.4,15.4,Moderate,1337,2072,Non-Vegetarian,Terai,Anaemia,Nuts,No leafy,2
USR0041,32,Female,38.0,153.1,16.2,Moderate,1016,1575,Vegetarian,Hills,Underweight,Nuts,Likes all,1
USR0042,33,Female,55.8,150.3,24.7,Sedentary,1171,1405,Non-Vegetarian,Hills,Lactose Intolerance,None,No leafy,2
USR0043,54,Male,54.5,165.2,20.0,Sedentary,1312,1574,Vegetarian,Hills,None,None,No leafy,1
USR0044,20,Male,44.7,168.9,15.7,Moderate,1408,2182,Non-Vegetarian,Mountain,Underweight,Fish,No leafy,1
USR0045,62,Female,53.6,159.3,21.1,Moderate,1061,1645,Vegan,Hills,Celiac,None,No bitter,2
USR0046,41,Male,62.9,172.2,21.2,Sedentary,1505,1806,Non-Vegetarian,Terai,None,Fish,Prefers cooked,1
USR0047,58,Male,51.5,170.5,17.7,Heavy,1296,2236,Vegetarian,Terai,Anaemia,Fish,Likes all,3
USR0048,66,Female,62.4,154.2,26.2,Heavy,1097,1892,Non-Vegetarian,Mountain,Underweight,None,No leafy,1
USR0049,60,Female,45.1,154.6,18.9,Heavy,956,1649,Non-Vegetarian,Hills,None,None,No leafy,3
USR0050,15,Male,58.6,161.6,22.4,Heavy,1526,2632,Non-Vegetarian,Terai,Diabetes,Fish,No bitter,1
USR0051,46,Female,44.3,166.3,16.0,Moderate,1091,1691,Non-Vegetarian,Hills,None,Gluten,Likes all,3
USR0052,49,Male,62.6,168.0,22.2,Sedentary,1436,1723,Vegetarian,Terai,None,None,Prefers cooked,1
USR0053,65,Male,55.8,156.0,22.9,Moderate,1213,1880,Non-Vegetarian,Hills,Hypertension,None,Likes all,1
USR0054,18,Female,35.8,146.4,16.7,Heavy,1022,1763,Non-Vegetarian,Terai,None,None,Likes all,2
USR0055,10,Male,55.9,171.9,18.9,Moderate,1588,2461,Vegetarian,Mountain,Celiac,Nuts,Likes all,2
USR0056,18,Female,46.2,156.7,18.8,Heavy,1190,2053,Non-Vegetarian,Hills,None,Milk,No leafy,2
USR0057,39,Female,51.0,158.7,20.2,Sedentary,1146,1375,Non-Vegetarian,Hills,None,Gluten,No leafy,2
USR0058,68,Male,65.8,160.9,25.4,Moderate,1329,2060,Non-Vegetarian,Hills,Hypertension,Milk,No bitter,3
USR0059,71,Male,66.0,163.9,24.6,Heavy,1334,2301,Non-Vegetarian,Mountain,None,Gluten,No leafy,2
USR0060,16,Male,59.2,172.8,19.8,Moderate,1597,2475,Non-Vegetarian,Mountain,Hypertension,Gluten,No bitter,2
USR0061,50,Female,51.9,148.7,23.5,Moderate,1037,1607,Non-Vegetarian,Terai,None,Nuts,Likes all,3
USR0062,29,Male,64.4,174.0,21.3,Moderate,1592,2468,Vegetarian,Terai,Diabetes,None,No bitter,1
USR0063,6,Female,52.8,150.5,23.3,Sedentary,1278,1534,Vegetarian,Mountain,Diabetes,None,No leafy,1
USR0064,41,Male,51.4,166.6,18.5,Moderate,1355,2100,Vegetarian,Hills,Obesity,None,Likes all,2
USR0065,14,Female,41.9,149.0,18.9,Moderate,1119,1734,Non-Vegetarian,Mountain,Diabetes,None,Prefers cooked,1
USR0066,33,Female,55.4,147.2,25.6,Heavy,1148,1980,Non-Vegetarian,Mountain,Anaemia,Milk,Likes all,3
USR0067,31,Male,56.5,160.6,21.9,Sedentary,1419,1703,Non-Vegetarian,Terai,None,None,Prefers cooked,1
USR0068,62,Female,50.2,146.7,23.3,Sedentary,948,1138,Non-Vegetarian,Hills,Diabetes,Gluten,Likes all,1
USR0069,30,Female,43.9,158.0,17.6,Moderate,1116,1730,Non-Vegetarian,Terai,None,None,Prefers cooked,2
USR0070,61,Female,63.8,161.5,24.5,Heavy,1181,2037,Non-Vegetarian,Mountain,Underweight,Gluten,No leafy,1
USR0071,60,Male,60.7,154.2,25.5,Sedentary,1276,1531,Vegetarian,Terai,Celiac,None,No bitter,3
USR0072,27,Male,47.7,167.1,17.1,Moderate,1391,2156,Non-Vegetarian,Mountain,Anaemia,Gluten,Likes all,2
USR0073,57,Female,47.3,163.0,17.8,Moderate,1046,1621,Non-Vegetarian,Hills,Obesity,Milk,No leafy,3
USR0074,63,Male,68.5,168.2,24.2,Sedentary,1426,1711,Non-Vegetarian,Mountain,None,Gluten,No leafy,1
USR0075,71,Male,51.1,175.3,16.6,Heavy,1257,2168,Vegetarian,Terai,Diabetes,None,No bitter,2
USR0076,20,Female,66.5,155.8,27.4,Moderate,1378,2136,Non-Vegetarian,Hills,Underweight,None,No leafy,1
USR0077,19,Male,57.1,166.0,20.7,Moderate,1518,2353,Non-Vegetarian,Hills,Underweight,Milk,No leafy,2
USR0078,36,Female,49.2,155.0,20.5,Moderate,1120,1736,Vegan,Mountain,None,None,No bitter,2
USR0079,69,Female,53.9,154.5,22.6,Moderate,999,1548,Vegan,Mountain,Celiac,Gluten,Prefers cooked,2
USR0080,49,Female,46.4,164.3,17.2,Heavy,1085,1872,Non-Vegetarian,Hills,None,None,No leafy,1
USR0081,10,Female,49.8,161.2,19.2,Heavy,1294,2232,Non-Vegetarian,Terai,Obesity,None,Prefers cooked,3
USR0082,17,Female,60.8,148.6,27.5,Heavy,1291,2227,Vegetarian,Terai,Anaemia,None,Likes all,2
USR0083,48,Female,47.5,149.1,21.4,Sedentary,1006,1207,Non-Vegetarian,Mountain,Anaemia,Nuts,No leafy,3
USR0084,13,Male,63.5,177.1,20.2,Moderate,1682,2607,Non-Vegetarian,Terai,Anaemia,None,Likes all,2
USR0085,43,Male,64.5,163.6,24.1,Sedentary,1458,1750,Non-Vegetarian,Hills,Hypertension,Fish,Prefers cooked,1
USR0086,28,Female,55.8,156.5,22.8,Heavy,1235,2130,Vegan,Terai,Obesity,None,Prefers cooked,2
USR0087,63,Female,54.0,155.0,22.5,Heavy,1033,1782,Non-Vegetarian,Mountain,None,None,No leafy,2
USR0088,59,Female,50.4,146.8,23.4,Moderate,966,1497,Non-Vegetarian,Hills,Obesity,None,Prefers cooked,2
USR0089,42,Female,61.5,153.7,26.0,Heavy,1205,2079,Non-Vegetarian,Terai,Lactose Intolerance,None,No leafy,2
USR0090,50,Male,63.3,170.1,21.9,Moderate,1451,2249,Non-Vegetarian,Terai,Celiac,None,No bitter,2
USR0091,51,Male,61.5,161.5,23.6,Moderate,1374,2130,Non-Vegetarian,Hills,None,None,Prefers cooked,3
USR0092,72,Female,46.8,153.9,19.8,Moderate,909,1409,Non-Vegetarian,Hills,Diabetes,Nuts,Likes all,2
USR0093,23,Male,62.2,159.3,24.5,Heavy,1508,2601,Vegan,Hills,None,Fish,Likes all,2
USR0094,63,Male,50.7,174.8,16.6,Moderate,1290,2000,Vegan,Hills,Celiac,Nuts,Likes all,1
USR0095,8,Female,38.2,142.6,18.8,Moderate,1072,1662,Vegan,Terai,Celiac,None,No leafy,2
USR0096,19,Female,67.9,167.0,24.3,Moderate,1467,2274,Non-Vegetarian,Terai,None,None,Prefers cooked,2
USR0097,52,Female,46.9,143.9,22.6,Heavy,947,1634,Vegan,Terai,Anaemia,None,No leafy,3
USR0098,40,Female,62.5,155.4,25.9,Heavy,1235,2130,Non-Vegetarian,Terai,Hypertension,None,No bitter,3
USR0099,12,Female,49.3,156.7,20.1,Sedentary,1251,1501,Non-Vegetarian,Terai,Celiac,None,Likes all,1
USR0100,36,Female,69.8,153.1,29.8,Moderate,1314,2037,Vegetarian,Mountain,None,None,Prefers cooked,2
USR0101,5,Male,57.1,187.7,16.2,Moderate,1724,2672,Vegan,Hills,None,None,Likes all,1
USR0102,50,Male,63.8,159.3,25.1,Moderate,1389,2153,Vegetarian,Terai,Diabetes,None,Prefers cooked,2
USR0103,13,Male,44.8,167.1,16.0,Sedentary,1432,1718,Non-Vegetarian,Mountain,None,None,No bitter,2
USR0104,12,Male,81.4,164.9,29.9,Heavy,1790,3088,Vegetarian,Hills,Obesity,None,Likes all,2
USR0105,13,Male,71.8,173.0,24.0,Moderate,1739,2695,Non-Vegetarian,Mountain,Underweight,Milk,No leafy,3
USR0106,17,Female,55.2,150.7,24.3,Moderate,1248,1934,Non-Vegetarian,Hills,None,Fish,No bitter,2
USR0107,58,Female,53.0,148.0,24.2,Moderate,1004,1556,Non-Vegetarian,Hills,None,Gluten,Likes all,1
USR0108,16,Male,47.0,170.5,16.2,Moderate,1461,2265,Non-Vegetarian,Mountain,None,Nuts,Likes all,2
USR0109,59,Female,63.7,145.8,30.0,Moderate,1092,1693,Vegan,Hills,Hypertension,None,Prefers cooked,1
USR0110,33,Female,58.8,148.7,26.6,Moderate,1191,1846,Vegetarian,Hills,Lactose Intolerance,None,No leafy,3
USR0111,39,Male,69.9,166.2,25.3,Moderate,1548,2399,Non-Vegetarian,Hills,None,None,Prefers cooked,3
USR0112,13,Female,62.0,161.7,23.7,Sedentary,1405,1686,Vegetarian,Mountain,None,Fish,No leafy,2
USR0113,25,Female,44.1,162.2,16.8,Sedentary,1169,1403,Vegetarian,Terai,None,None,Likes all,2
USR0114,59,Female,44.3,154.7,18.5,Moderate,954,1479,Non-Vegetarian,Mountain,None,Nuts,No leafy,1
USR0115,67,Female,46.4,153.0,19.8,Moderate,924,1432,Non-Vegetarian,Mountain,None,None,Prefers cooked,2
USR0116,22,Male,62.7,158.4,25.0,Sedentary,1512,1814,Vegetarian,Hills,Anaemia,None,Prefers cooked,2
USR0117,69,Male,48.1,160.7,18.6,Moderate,1145,1775,Vegetarian,Hills,None,Fish,Likes all,2
USR0118,45,Male,50.4,160.2,19.6,Heavy,1285,2217,Non-Vegetarian,Terai,Anaemia,None,No bitter,1
USR0119,51,Female,68.8,161.1,26.5,Moderate,1279,1982,Non-Vegetarian,Mountain,Anaemia,None,No leafy,2
USR0120,33,Female,51.3,157.7,20.6,Sedentary,1173,1408,Vegan,Mountain,None,Nuts,No bitter,1
USR0121,18,Male,66.0,169.2,23.1,Moderate,1632,2530,Vegetarian,Terai,Celiac,Gluten,No leafy,3
USR0122,46,Female,62.3,146.6,29.0,Moderate,1148,1779,Non-Vegetarian,Terai,Obesity,Gluten,No bitter,2
USR0123,50,Male,53.4,164.7,19.7,Heavy,1318,2274,Vegetarian,Terai,Hypertension,Milk,Likes all,1
USR0124,64,Female,34.4,145.6,16.2,Sedentary,773,928,Non-Vegetarian,Mountain,Celiac,None,No bitter,3
USR0125,69,Female,55.9,156.0,23.0,Sedentary,1028,1234,Non-Vegetarian,Terai,Underweight,None,Likes all,1
USR0126,61,Female,41.8,152.6,18.0,Moderate,906,1404,Non-Vegetarian,Hills,Anaemia,Fish,No bitter,3
USR0127,47,Male,66.1,166.4,23.9,Heavy,1471,2537,Non-Vegetarian,Hills,Celiac,None,No bitter,1
USR0128,49,Male,56.6,175.9,18.3,Heavy,1425,2458,Non-Vegetarian,Mountain,None,Milk,No leafy,2
USR0129,72,Male,74.4,171.6,25.3,Moderate,1462,2266,Vegetarian,Hills,Diabetes,None,Prefers cooked,2
USR0130,29,Female,54.7,157.8,22.0,Sedentary,1227,1472,Non-Vegetarian,Terai,Underweight,None,No bitter,3
USR0131,53,Male,65.6,169.2,22.9,Moderate,1454,2254,Non-Vegetarian,Terai,Anaemia,Nuts,Prefers cooked,2
USR0132,62,Female,54.7,159.1,21.6,Heavy,1070,1846,Non-Vegetarian,Hills,Celiac,Gluten,No leafy,2
USR0133,69,Female,30.9,150.9,13.6,Moderate,746,1156,Vegan,Terai,Diabetes,None,No leafy,2
USR0134,71,Male,66.9,159.7,26.2,Moderate,1317,2041,Non-Vegetarian,Hills,Underweight,None,No leafy,1
USR0135,62,Male,79.3,152.8,34.0,Heavy,1443,2489,Vegetarian,Hills,Underweight,Nuts,Prefers cooked,2
USR0136,52,Male,63.4,171.9,21.5,Sedentary,1453,1744,Non-Vegetarian,Terai,None,None,No bitter,2
USR0137,65,Male,61.0,165.3,22.3,Sedentary,1323,1588,Vegetarian,Hills,None,None,No leafy,1
USR0138,35,Female,53.1,156.1,21.8,Heavy,1171,2020,Vegan,Hills,None,None,No leafy,3
USR0139,70,Male,47.8,159.2,18.9,Moderate,1128,1748,Non-Vegetarian,Terai,Lactose Intolerance,Nuts,Prefers cooked,3
USR0140,28,Female,52.0,151.5,22.7,Moderate,1166,1807,Vegetarian,Mountain,Underweight,None,No leafy,2
USR0141,54,Male,69.6,164.3,25.8,Sedentary,1458,1750,Non-Vegetarian,Terai,Hypertension,None,Likes all,3
USR0142,22,Female,64.9,156.4,26.5,Moderate,1356,2102,Non-Vegetarian,Hills,Celiac,None,Prefers cooked,1
USR0143,9,Female,53.3,156.0,21.9,Moderate,1302,2018,Vegetarian,Hills,Diabetes,Fish,No leafy,2
USR0144,29,Male,57.5,180.5,17.6,Sedentary,1563,1876,Non-Vegetarian,Hills,None,Nuts,No leafy,2
USR0145,54,Female,50.9,157.8,20.4,Heavy,1064,1835,Non-Vegetarian,Mountain,Diabetes,None,No leafy,1
USR0146,28,Female,46.4,152.3,20.0,Sedentary,1115,1338,Non-Vegetarian,Hills,Diabetes,Gluten,No leafy,1
USR0147,49,Female,40.3,157.7,16.2,Moderate,983,1524,Vegan,Hills,Diabetes,None,Likes all,2
USR0148,70,Female,58.3,144.0,28.1,Sedentary,972,1166,Non-Vegetarian,Mountain,Celiac,Gluten,Likes all,1
USR0149,35,Male,63.7,157.5,25.7,Heavy,1451,2503,Vegan,Terai,Lactose Intolerance,None,No leafy,2
USR0150,61,Female,55.0,144.9,26.2,Moderate,990,1534,Non-Vegetarian,Hills,Celiac,Milk,Prefers cooked,1
USR0151,28,Male,52.1,165.0,19.1,Sedentary,1417,1700,Non-Vegetarian,Hills,Obesity,None,No bitter,2
USR0152,20,Male,64.6,167.4,23.1,Moderate,1597,2475,Non-Vegetarian,Terai,Celiac,Nuts,No bitter,1
USR0153,43,Female,62.4,145.1,29.6,Moderate,1155,1790,Non-Vegetarian,Mountain,None,None,Prefers cooked,1
USR0154,68,Male,74.5,166.7,26.8,Moderate,1452,2251,Non-Vegetarian,Mountain,None,None,Likes all,2
USR0155,66,Female,38.8,152.1,16.8,Sedentary,848,1018,Non-Vegetarian,Hills,Celiac,None,No leafy,2
USR0156,21,Female,65.3,145.5,30.8,Moderate,1296,2009,Non-Vegetarian,Hills,Underweight,None,Likes all,3
USR0157,43,Male,66.5,171.1,22.7,Moderate,1524,2362,Non-Vegetarian,Mountain,Diabetes,None,No bitter,1
USR0158,21,Female,45.2,147.2,20.9,Sedentary,1106,1327,Vegan,Terai,Lactose Intolerance,None,Prefers cooked,3
USR0159,10,Female,55.0,152.5,23.6,Sedentary,1292,1550,Vegan,Hills,Celiac,None,No leafy,3
USR0160,68,Male,71.6,158.5,28.5,Moderate,1372,2127,Non-Vegetarian,Terai,Celiac,Fish,No bitter,2
USR0161,12,Male,67.7,171.9,22.9,Heavy,1696,2926,Non-Vegetarian,Hills,Lactose Intolerance,None,No bitter,2
USR0162,56,Female,59.9,158.9,23.7,Sedentary,1151,1381,Non-Vegetarian,Terai,Obesity,None,No bitter,2
USR0163,23,Male,68.8,168.8,24.1,Heavy,1633,2817,Vegan,Hills,None,None,No bitter,3
USR0164,29,Female,54.9,145.8,25.8,Heavy,1154,1991,Non-Vegetarian,Hills,Obesity,None,Likes all,2
USR0165,35,Female,55.8,160.4,21.7,Sedentary,1224,1469,Non-Vegetarian,Hills,Lactose Intolerance,Gluten,No bitter,3
USR0166,18,Male,43.2,172.0,14.6,Moderate,1422,2204,Non-Vegetarian,Hills,None,Fish,Likes all,3
USR0167,51,Male,58.3,164.0,21.7,Heavy,1358,2343,Vegan,Hills,Lactose Intolerance,None,Prefers cooked,1
USR0168,52,Female,56.3,147.9,25.7,Moderate,1066,1652,Non-Vegetarian,Terai,Lactose Intolerance,Fish,Likes all,1
USR0169,22,Male,57.9,150.9,25.4,Heavy,1417,2444,Non-Vegetarian,Mountain,Underweight,None,No bitter,3
USR0170,25,Female,44.3,160.0,17.3,Moderate,1157,1793,Vegan,Hills,Underweight,Gluten,No bitter,2
USR0171,52,Male,59.6,168.4,21.0,Heavy,1394,2405,Vegan,Hills,Celiac,None,No leafy,2
USR0172,11,Male,56.7,162.5,21.5,Heavy,1533,2644,Non-Vegetarian,Terai,None,None,Prefers cooked,1
USR0173,45,Female,45.9,157.5,18.5,Moderate,1057,1638,Non-Vegetarian,Mountain,Lactose Intolerance,Gluten,Likes all,1
USR0174,46,Male,73.4,164.9,27.0,Heavy,1540,2656,Non-Vegetarian,Terai,Obesity,Nuts,No bitter,2
USR0175,29,Female,61.0,152.5,26.2,Moderate,1257,1948,Non-Vegetarian,Hills,Diabetes,None,No leafy,2
USR0176,49,Female,34.5,147.9,15.8,Moderate,863,1338,Non-Vegetarian,Terai,Lactose Intolerance,Fish,No leafy,2
USR0177,42,Male,86.1,170.2,29.7,Sedentary,1720,2064,Non-Vegetarian,Hills,Celiac,Milk,No leafy,1
USR0178,73,Male,60.3,175.2,19.6,Moderate,1338,2074,Non-Vegetarian,Terai,Lactose Intolerance,None,Prefers cooked,1
USR0179,34,Male,71.8,167.7,25.5,Heavy,1601,2762,Vegetarian,Terai,None,None,No leafy,2
USR0180,30,Female,54.3,148.2,24.7,Moderate,1158,1795,Vegetarian,Terai,Celiac,None,Likes all,1
USR0181,27,Female,56.2,153.2,23.9,Heavy,1224,2111,Non-Vegetarian,Terai,Diabetes,None,Likes all,2
USR0182,47,Male,55.5,188.5,15.6,Heavy,1503,2593,Non-Vegetarian,Mountain,Obesity,Milk,Prefers cooked,1
USR0183,25,Female,52.5,144.0,25.3,Moderate,1139,1765,Vegetarian,Hills,Diabetes,None,Prefers cooked,3
USR0184,59,Female,50.2,153.7,21.2,Sedentary,1007,1208,Non-Vegetarian,Terai,Obesity,Nuts,Prefers cooked,1
USR0185,54,Female,55.4,165.7,20.2,Moderate,1159,1796,Non-Vegetarian,Mountain,Lactose Intolerance,None,No bitter,2
USR0186,12,Male,56.5,157.2,22.9,Moderate,1492,2313,Non-Vegetarian,Mountain,Diabetes,None,No bitter,2
USR0187,33,Male,73.0,162.6,27.6,Heavy,1586,2736,Vegan,Hills,Anaemia,Gluten,Prefers cooked,1
USR0188,72,Male,47.3,169.1,16.5,Sedentary,1175,1410,Vegan,Terai,None,None,Prefers cooked,1
USR0189,71,Female,41.3,157.8,16.6,Heavy,883,1523,Vegetarian,Mountain,Obesity,None,No leafy,1
USR0190,63,Female,43.4,150.5,19.2,Moderate,899,1393,Vegetarian,Hills,Diabetes,None,Prefers cooked,3
USR0191,10,Male,48.2,170.7,16.5,Sedentary,1504,1805,Vegetarian,Hills,None,Milk,No leafy,1
USR0192,58,Male,47.2,177.0,15.1,Heavy,1293,2230,Non-Vegetarian,Hills,None,None,No bitter,1
USR0193,73,Male,57.9,167.6,20.6,Moderate,1266,1962,Vegetarian,Terai,Diabetes,Gluten,No leafy,3
USR0194,34,Female,54.1,160.5,21.0,Moderate,1213,1880,Non-Vegetarian,Terai,None,Fish,Likes all,1
USR0195,13,Male,64.1,166.2,23.2,Sedentary,1620,1944,Non-Vegetarian,Terai,Anaemia,Gluten,Prefers cooked,3
USR0196,12,Male,82.2,184.6,24.1,Moderate,1921,2978,Vegan,Hills,Lactose Intolerance,Nuts,Prefers cooked,2
USR0197,71,Male,63.5,171.7,21.5,Sedentary,1358,1630,Vegan,Mountain,None,Fish,No leafy,1
USR0198,53,Female,55.8,148.0,25.5,Heavy,1057,1823,Non-Vegetarian,Terai,Diabetes,Fish,Prefers cooked,3
USR0199,35,Female,58.4,149.2,26.2,Moderate,1180,1829,Non-Vegetarian,Terai,Underweight,Fish,No leafy,3
USR0200,54,Male,62.3,170.4,21.5,Sedentary,1423,1708,Non-Vegetarian,Hills,None,None,Likes all,2
USR0201,10,Female,58.1,150.8,25.5,Moderate,1312,2034,Non-Vegetarian,Terai,Hypertension,Milk,Likes all,1
USR0202,20,Male,61.7,151.6,26.8,Moderate,1470,2278,Vegan,Terai,Anaemia,None,No bitter,2
USR0203,64,Female,45.7,152.6,19.6,Moderate,930,1442,Non-Vegetarian,Mountain,Obesity,Gluten,Likes all,2
USR0204,31,Female,47.6,159.3,18.8,Moderate,1156,1792,Non-Vegetarian,Terai,Diabetes,Fish,No bitter,1
USR0205,47,Male,63.6,175.3,20.7,Moderate,1502,2328,Non-Vegetarian,Mountain,Celiac,Nuts,No bitter,2
USR0206,63,Female,61.9,164.9,22.8,Moderate,1174,1820,Non-Vegetarian,Mountain,Obesity,None,Likes all,3
USR0207,14,Male,76.0,161.0,29.3,Sedentary,1701,2041,Non-Vegetarian,Terai,Celiac,None,Likes all,1
USR0208,32,Male,52.3,164.7,19.3,Heavy,1397,2410,Non-Vegetarian,Terai,None,Fish,Likes all,1
USR0209,73,Female,55.7,153.8,23.5,Heavy,992,1711,Non-Vegetarian,Terai,None,None,Prefers cooked,1
USR0210,50,Female,53.0,161.0,20.4,Moderate,1125,1744,Non-Vegetarian,Hills,Lactose Intolerance,None,Prefers cooked,2
USR0211,9,Male,70.1,169.3,24.5,Heavy,1719,2965,Vegetarian,Terai,None,None,No leafy,2
USR0212,17,Female,69.9,144.4,33.5,Moderate,1356,2102,Non-Vegetarian,Mountain,Obesity,Milk,Likes all,1
USR0213,74,Female,51.9,153.3,22.1,Moderate,946,1466,Vegetarian,Terai,Lactose Intolerance,None,No leafy,1
USR0214,25,Female,43.3,150.5,19.1,Heavy,1088,1877,Vegan,Hills,Anaemia,None,Likes all,3
USR0215,11,Female,59.3,156.9,24.1,Sedentary,1358,1630,Non-Vegetarian,Mountain,Lactose Intolerance,Fish,No bitter,1
USR0216,62,Female,45.6,154.4,19.1,Heavy,950,1639,Non-Vegetarian,Terai,Celiac,Fish,Likes all,3
USR0217,36,Female,53.1,151.2,23.2,Moderate,1135,1759,Non-Vegetarian,Terai,Anaemia,Nuts,No bitter,1
USR0218,5,Male,72.2,162.0,27.5,Moderate,1714,2657,Vegetarian,Terai,None,None,No leafy,2
USR0219,18,Female,62.3,155.1,25.9,Sedentary,1341,1609,Vegan,Mountain,Hypertension,Fish,Likes all,2
USR0220,54,Female,56.6,142.9,27.7,Moderate,1028,1593,Vegan,Mountain,None,Fish,Prefers cooked,1
USR0221,43,Female,53.4,157.9,21.4,Moderate,1145,1775,Non-Vegetarian,Hills,Anaemia,Milk,No leafy,1
USR0222,37,Female,67.5,150.2,29.9,Heavy,1268,2187,Vegan,Mountain,None,Gluten,Likes all,1
USR0223,5,Female,61.7,152.0,26.7,Heavy,1381,2382,Non-Vegetarian,Hills,Hypertension,Fish,Prefers cooked,2
USR0224,30,Female,48.4,154.6,20.3,Heavy,1139,1965,Non-Vegetarian,Hills,Celiac,Gluten,Prefers cooked,2
USR0225,40,Female,57.6,147.6,26.4,Sedentary,1138,1366,Vegan,Terai,Lactose Intolerance,None,Likes all,2
USR0226,61,Male,67.6,150.6,29.8,Sedentary,1317,1580,Non-Vegetarian,Hills,None,Milk,Prefers cooked,2
USR0227,59,Male,63.0,162.0,24.0,Heavy,1352,2332,Vegan,Hills,Underweight,Fish,Likes all,2
USR0228,18,Male,63.7,153.4,27.1,Moderate,1511,2342,Non-Vegetarian,Mountain,None,Fish,No bitter,2
USR0229,6,Male,67.8,168.3,23.9,Moderate,1705,2643,Non-Vegetarian,Hills,Anaemia,Gluten,Prefers cooked,2
USR0230,66,Male,70.2,170.1,24.3,Sedentary,1440,1728,Vegetarian,Terai,Hypertension,Milk,No bitter,2
USR0231,71,Male,50.7,166.0,18.4,Heavy,1194,2060,Non-Vegetarian,Hills,None,Milk,Likes all,1
USR0232,48,Male,53.0,155.4,21.9,Moderate,1266,1962,Non-Vegetarian,Mountain,None,None,No bitter,3
USR0233,64,Female,55.0,161.1,21.2,Moderate,1076,1668,Non-Vegetarian,Hills,Anaemia,None,Prefers cooked,2
USR0234,54,Female,60.3,154.1,25.4,Moderate,1135,1759,Vegetarian,Mountain,None,None,No bitter,2
USR0235,63,Male,73.2,172.8,24.5,Heavy,1502,2591,Vegan,Hills,Lactose Intolerance,Fish,No leafy,3
USR0236,49,Male,55.4,172.1,18.7,Moderate,1390,2154,Non-Vegetarian,Mountain,Lactose Intolerance,None,Prefers cooked,2
USR0237,35,Male,59.8,169.8,20.7,Moderate,1489,2308,Vegan,Hills,Anaemia,None,No leafy,2
USR0238,67,Male,51.9,155.7,21.4,Moderate,1162,1801,Vegan,Terai,Obesity,Milk,Prefers cooked,1
USR0239,62,Female,40.8,144.4,19.6,Sedentary,840,1008,Non-Vegetarian,Terai,None,Fish,No leafy,2
USR0240,58,Female,51.6,146.7,24.0,Moderate,982,1522,Vegetarian,Mountain,None,None,No bitter,1
USR0241,33,Female,48.7,153.0,20.8,Heavy,1117,1927,Vegan,Hills,Underweight,None,Likes all,2
USR0242,74,Female,55.2,152.2,23.8,Heavy,972,1677,Vegan,Terai,Anaemia,None,Prefers cooked,2
USR0243,62,Male,60.4,180.9,18.5,Sedentary,1430,1716,Non-Vegetarian,Terai,None,None,No bitter,3
USR0244,26,Female,42.2,145.8,19.9,Moderate,1042,1615,Vegetarian,Mountain,Hypertension,Milk,Prefers cooked,2
USR0245,42,Female,34.1,146.4,15.9,Sedentary,885,1062,Non-Vegetarian,Hills,None,Milk,Prefers cooked,1
USR0246,23,Male,57.5,150.4,25.4,Heavy,1405,2424,Non-Vegetarian,Terai,Lactose Intolerance,Milk,No leafy,2
USR0247,14,Female,41.6,143.3,20.3,Sedentary,1081,1297,Non-Vegetarian,Mountain,Diabetes,Nuts,No leafy,2
USR0248,5,Female,65.9,144.0,31.8,Sedentary,1373,1648,Non-Vegetarian,Hills,None,Fish,Prefers cooked,2
USR0249,68,Male,59.8,179.9,18.5,Moderate,1387,2150,Vegan,Mountain,None,Gluten,No bitter,1
USR0250,17,Male,48.6,154.2,20.4,Sedentary,1370,1644,Vegetarian,Terai,Obesity,Gluten,Likes all,2
USR0251,21,Male,68.3,160.4,26.5,Moderate,1586,2458,Vegetarian,Hills,Diabetes,None,No bitter,1
USR0252,55,Male,50.7,155.9,20.9,Moderate,1211,1877,Non-Vegetarian,Terai,None,None,Prefers cooked,2
USR0253,21,Male,51.9,159.6,20.4,Heavy,1416,2443,Vegetarian,Terai,Hypertension,None,No leafy,1
USR0254,14,Female,54.5,157.0,22.1,Sedentary,1295,1554,Vegetarian,Hills,Hypertension,Milk,Prefers cooked,2
USR0255,23,Male,73.7,169.3,25.7,Moderate,1685,2612,Non-Vegetarian,Hills,None,None,No leafy,3
USR0256,32,Female,57.5,155.7,23.7,Sedentary,1227,1472,Vegan,Hills,Hypertension,Fish,No bitter,1
USR0257,40,Male,57.4,160.2,22.4,Moderate,1380,2139,Vegetarian,Hills,None,None,No leafy,2
USR0258,35,Male,57.1,165.1,20.9,Heavy,1433,2472,Vegan,Terai,Underweight,None,No bitter,2
USR0259,54,Male,70.3,157.0,28.5,Moderate,1419,2199,Vegan,Terai,Obesity,None,Likes all,3
USR0260,6,Male,61.8,167.3,22.1,Sedentary,1639,1967,Non-Vegetarian,Mountain,Diabetes,Fish,No leafy,2
USR0261,73,Male,56.4,163.9,21.0,Sedentary,1228,1474,Non-Vegetarian,Terai,Underweight,None,Prefers cooked,3
USR0262,55,Female,40.9,147.9,18.7,Sedentary,897,1076,Non-Vegetarian,Hills,None,None,Prefers cooked,1
USR0263,19,Female,42.2,156.8,17.2,Moderate,1146,1776,Non-Vegetarian,Terai,None,None,Likes all,1
USR0264,49,Female,38.4,152.2,16.6,Moderate,929,1440,Non-Vegetarian,Hills,None,Milk,Likes all,1
USR0265,59,Female,53.5,156.5,21.8,Sedentary,1057,1268,Non-Vegetarian,Hills,Underweight,Nuts,Likes all,2
USR0266,52,Male,71.5,176.5,23.0,Sedentary,1563,1876,Non-Vegetarian,Mountain,None,None,Likes all,1
USR0267,65,Male,47.2,178.6,14.8,Moderate,1268,1965,Vegetarian,Mountain,Celiac,Fish,Prefers cooked,2
USR0268,58,Male,69.6,161.5,26.7,Sedentary,1420,1704,Vegan,Hills,None,None,Prefers cooked,1
USR0269,56,Male,72.2,168.8,25.3,Moderate,1502,2328,Non-Vegetarian,Hills,None,Gluten,Likes all,2
USR0270,42,Male,54.2,162.3,20.6,Moderate,1351,2094,Non-Vegetarian,Hills,Lactose Intolerance,Gluten,Prefers cooked,3
USR0271,24,Male,72.3,165.3,26.5,Moderate,1641,2544,Vegan,Hills,Celiac,None,No bitter,1
USR0272,44,Female,62.8,159.2,24.8,Moderate,1242,1925,Non-Vegetarian,Hills,None,None,No bitter,1
USR0273,34,Male,71.7,159.2,28.3,Moderate,1547,2398,Non-Vegetarian,Terai,Lactose Intolerance,None,Prefers cooked,2
USR0274,12,Male,38.3,173.2,12.8,Moderate,1410,2186,Non-Vegetarian,Hills,Hypertension,Fish,No bitter,2
USR0275,39,Female,56.2,170.7,19.3,Moderate,1273,1973,Vegan,Terai,None,None,Prefers cooked,2
USR0276,45,Female,44.7,158.8,17.7,Moderate,1054,1634,Non-Vegetarian,Hills,Obesity,Milk,Likes all,1
USR0277,43,Male,69.1,154.0,29.1,Sedentary,1444,1733,Non-Vegetarian,Hills,None,None,Prefers cooked,2
USR0278,70,Female,61.2,155.8,25.2,Moderate,1075,1666,Vegetarian,Hills,Obesity,None,Likes all,2
USR0279,22,Male,64.6,167.0,23.2,Moderate,1585,2457,Non-Vegetarian,Terai,Anaemia,Nuts,Likes all,3
USR0280,14,Female,57.3,154.3,24.1,Heavy,1306,2253,Non-Vegetarian,Terai,Hypertension,None,Likes all,2
USR0281,26,Male,71.5,161.1,27.5,Heavy,1597,2755,Non-Vegetarian,Terai,Anaemia,Fish,Prefers cooked,2
USR0282,28,Male,60.3,173.6,20.0,Moderate,1553,2407,Vegetarian,Mountain,Lactose Intolerance,None,No bitter,2
USR0283,75,Female,50.2,154.4,21.1,Heavy,931,1606,Non-Vegetarian,Hills,None,None,Likes all,2
USR0284,66,Female,44.0,151.8,19.1,Moderate,898,1392,Non-Vegetarian,Hills,None,None,No bitter,3
USR0285,8,Male,75.8,156.5,30.9,Sedentary,1701,2041,Non-Vegetarian,Mountain,Hypertension,None,Prefers cooked,1
USR0286,35,Male,60.1,179.6,18.6,Sedentary,1554,1865,Non-Vegetarian,Mountain,Anaemia,Nuts,Prefers cooked,1
USR0287,45,Male,67.3,153.4,28.6,Sedentary,1412,1694,Non-Vegetarian,Mountain,Lactose Intolerance,None,Prefers cooked,2
USR0288,27,Female,50.1,154.2,21.1,Moderate,1169,1812,Vegan,Terai,None,Gluten,Likes all,2
USR0289,21,Male,58.6,169.2,20.5,Moderate,1544,2393,Vegetarian,Terai,None,None,Likes all,3
USR0290,14,Female,39.0,165.9,14.2,Heavy,1196,2063,Vegan,Terai,Hypertension,Milk,No bitter,1
USR0291,60,Male,68.6,145.3,32.5,Moderate,1299,2013,Non-Vegetarian,Mountain,Lactose Intolerance,Nuts,Prefers cooked,3
USR0292,53,Male,56.7,176.4,18.2,Moderate,1410,2186,Non-Vegetarian,Terai,Lactose Intolerance,Fish,Likes all,1
USR0293,33,Female,51.3,151.5,22.4,Heavy,1134,1956,Non-Vegetarian,Hills,None,None,No bitter,2
USR0294,16,Male,68.5,154.3,28.8,Moderate,1574,2440,Non-Vegetarian,Terai,Diabetes,None,Prefers cooked,1
USR0295,37,Female,57.3,143.1,28.0,Sedentary,1121,1345,Non-Vegetarian,Hills,Anaemia,None,No leafy,2
USR0296,49,Female,50.0,153.1,21.3,Heavy,1051,1813,Vegan,Terai,None,Gluten,Likes all,1
USR0297,7,Female,44.7,169.6,15.5,Sedentary,1311,1573,Non-Vegetarian,Terai,Anaemia,None,Likes all,3
USR0298,48,Male,50.5,158.9,20.0,Heavy,1263,2179,Vegetarian,Hills,Celiac,None,No leafy,1
USR0299,17,Male,48.8,183.9,14.4,Heavy,1557,2686,Vegan,Mountain,Diabetes,Milk,No bitter,1
USR0300,11,Male,52.1,171.3,17.8,Heavy,1542,2660,Non-Vegetarian,Terai,Hypertension,None,No leafy,1
USR0301,66,Female,54.6,155.5,22.6,Moderate,1027,1592,Non-Vegetarian,Terai,Obesity,None,No bitter,2
USR0302,67,Female,59.6,150.6,26.3,Heavy,1041,1796,Non-Vegetarian,Hills,Anaemia,Nuts,Prefers cooked,2
USR0303,38,Male,54.7,167.3,19.5,Moderate,1408,2182,Vegan,Terai,None,None,Likes all,2
USR0304,34,Female,37.7,149.6,16.8,Heavy,981,1692,Vegan,Hills,Lactose Intolerance,None,No leafy,2
USR0305,55,Male,75.0,157.7,30.2,Moderate,1466,2272,Vegetarian,Hills,None,None,Prefers cooked,1
USR0306,10,Male,35.6,176.0,11.5,Heavy,1411,2434,Non-Vegetarian,Terai,Lactose Intolerance,Milk,No bitter,1
USR0307,54,Male,50.1,161.5,19.2,Moderate,1245,1930,Vegan,Hills,None,Fish,Likes all,2
USR0308,23,Male,49.9,160.7,19.3,Sedentary,1393,1672,Vegetarian,Mountain,None,Milk,No bitter,2
USR0309,54,Female,47.4,146.5,22.1,Heavy,959,1654,Vegetarian,Terai,Diabetes,Fish,Prefers cooked,3
USR0310,9,Female,39.3,162.8,14.8,Moderate,1204,1866,Vegetarian,Hills,Diabetes,Nuts,Likes all,2
USR0311,44,Female,52.0,162.0,19.8,Sedentary,1152,1382,Non-Vegetarian,Terai,Diabetes,Gluten,No bitter,2
USR0312,16,Female,56.4,158.5,22.5,Heavy,1314,2267,Non-Vegetarian,Mountain,Hypertension,None,Prefers cooked,1
USR0313,69,Female,41.1,161.0,15.9,Sedentary,911,1093,Non-Vegetarian,Terai,None,None,Prefers cooked,1
USR0314,11,Female,66.2,148.6,30.0,Moderate,1375,2131,Non-Vegetarian,Hills,Underweight,Fish,Likes all,1
USR0315,52,Male,51.2,165.6,18.7,Heavy,1292,2229,Vegan,Mountain,Hypertension,Nuts,Prefers cooked,2
USR0316,41,Male,65.1,165.4,23.8,Moderate,1485,2302,Non-Vegetarian,Terai,Celiac,None,No bitter,2
USR0317,6,Male,56.7,165.7,20.7,Moderate,1578,2446,Vegan,Terai,None,Milk,No bitter,2
USR0318,53,Female,59.9,147.8,27.4,Moderate,1097,1700,Non-Vegetarian,Hills,Celiac,Fish,Likes all,1
USR0319,41,Female,52.7,157.2,21.3,Sedentary,1144,1373,Non-Vegetarian,Hills,Celiac,Nuts,No bitter,2
USR0320,29,Female,63.0,163.6,23.5,Sedentary,1346,1615,Vegan,Hills,Celiac,Nuts,Prefers cooked,1
USR0321,42,Female,53.4,161.3,20.5,Heavy,1171,2020,Vegetarian,Mountain,Lactose Intolerance,None,No bitter,1
USR0322,50,Female,36.6,153.4,15.6,Moderate,914,1417,Non-Vegetarian,Terai,Obesity,None,No bitter,3
USR0323,47,Male,58.0,160.3,22.6,Moderate,1352,2096,Non-Vegetarian,Hills,Hypertension,Nuts,No bitter,3
USR0324,64,Female,60.0,147.6,27.5,Sedentary,1042,1250,Non-Vegetarian,Terai,Underweight,None,No leafy,3
USR0325,57,Female,70.7,158.6,28.1,Moderate,1252,1941,Non-Vegetarian,Hills,Anaemia,Gluten,Prefers cooked,2
USR0326,15,Male,47.9,165.9,17.4,Moderate,1446,2241,Non-Vegetarian,Terai,None,Gluten,No bitter,1
USR0327,25,Male,45.1,165.9,16.4,Sedentary,1368,1642,Non-Vegetarian,Mountain,Anaemia,Fish,No leafy,2
USR0328,54,Female,65.1,154.3,27.3,Moderate,1184,1835,Vegetarian,Hills,Underweight,None,Likes all,1
USR0329,33,Male,58.8,158.1,23.5,Moderate,1416,2195,Vegetarian,Hills,Underweight,Milk,Prefers cooked,1
USR0330,43,Male,72.5,162.2,27.6,Moderate,1529,2370,Non-Vegetarian,Terai,Hypertension,Gluten,No bitter,1
USR0331,56,Male,69.1,165.7,25.2,Moderate,1452,2251,Non-Vegetarian,Terai,Lactose Intolerance,None,Likes all,2
USR0332,53,Male,67.5,160.7,26.1,Sedentary,1419,1703,Vegan,Terai,Celiac,None,Likes all,1
USR0333,58,Male,57.2,166.4,20.7,Moderate,1327,2057,Non-Vegetarian,Terai,None,None,No bitter,2
USR0334,71,Male,60.3,175.8,19.5,Moderate,1352,2096,Non-Vegetarian,Terai,Underweight,None,No bitter,1
USR0335,68,Male,64.1,170.1,22.2,Moderate,1369,2122,Vegan,Terai,Hypertension,Fish,No bitter,1
USR0336,75,Male,55.2,165.1,20.3,Heavy,1214,2094,Non-Vegetarian,Terai,None,None,Likes all,1
USR0337,24,Female,68.9,150.2,30.5,Sedentary,1347,1616,Vegetarian,Hills,Celiac,None,No leafy,2
USR0338,64,Female,69.7,158.0,27.9,Sedentary,1204,1445,Non-Vegetarian,Hills,Celiac,Nuts,No leafy,1
USR0339,10,Male,67.4,165.3,24.7,Moderate,1662,2576,Non-Vegetarian,Hills,Obesity,Milk,Likes all,2
USR0340,28,Female,60.9,158.6,24.2,Heavy,1299,2241,Non-Vegetarian,Hills,Obesity,Fish,Prefers cooked,1
USR0341,12,Male,81.2,163.2,30.5,Sedentary,1777,2132,Non-Vegetarian,Mountain,Obesity,Gluten,Prefers cooked,3
USR0342,50,Female,40.3,145.0,19.2,Moderate,898,1392,Non-Vegetarian,Hills,None,Fish,No leafy,1
USR0343,38,Male,61.1,164.0,22.7,Moderate,1451,2249,Non-Vegetarian,Mountain,Underweight,None,No leafy,1
USR0344,49,Female,47.3,145.4,22.4,Moderate,976,1513,Vegan,Mountain,None,None,Prefers cooked,3
USR0345,68,Female,56.4,152.0,24.4,Heavy,1013,1747,Non-Vegetarian,Terai,Hypertension,Milk,Likes all,3
USR0346,75,Male,55.7,158.6,22.1,Moderate,1178,1826,Vegetarian,Hills,Obesity,Gluten,Likes all,2
USR0347,45,Female,61.8,159.6,24.3,Sedentary,1230,1476,Vegetarian,Hills,Anaemia,None,Likes all,1
USR0348,70,Female,41.9,150.1,18.6,Heavy,846,1459,Non-Vegetarian,Hills,None,None,No leafy,2
USR0349,51,Female,53.1,150.6,23.4,Moderate,1056,1637,Vegetarian,Hills,Hypertension,Milk,No bitter,1
USR0350,26,Male,43.4,165.7,15.8,Heavy,1345,2320,Vegetarian,Hills,Lactose Intolerance,None,Prefers cooked,1
USR0351,32,Female,38.9,157.3,15.7,Moderate,1051,1629,Vegetarian,Hills,None,None,No leafy,2
USR0352,68,Male,78.3,165.4,28.6,Heavy,1482,2556,Vegan,Hills,Underweight,None,Prefers cooked,1
USR0353,54,Male,54.5,155.9,22.4,Moderate,1254,1944,Vegan,Hills,Anaemia,None,No bitter,2
USR0354,42,Female,49.4,155.1,20.5,Heavy,1092,1884,Vegan,Mountain,Diabetes,Nuts,Prefers cooked,1
USR0355,42,Male,53.3,148.4,24.2,Moderate,1256,1947,Non-Vegetarian,Mountain,Underweight,Nuts,Likes all,2
USR0356,58,Female,45.3,140.8,22.9,Moderate,882,1367,Non-Vegetarian,Terai,Underweight,None,Likes all,2
USR0357,11,Male,58.8,160.3,22.9,Moderate,1540,2387,Non-Vegetarian,Hills,None,None,No bitter,1
USR0358,50,Male,63.8,161.6,24.4,Moderate,1403,2175,Vegan,Hills,None,Milk,Likes all,2
USR0359,58,Female,77.7,148.9,35.0,Moderate,1257,1948,Vegan,Terai,None,Milk,Prefers cooked,3
USR0360,33,Female,65.9,148.2,30.0,Moderate,1259,1951,Vegan,Mountain,Lactose Intolerance,None,Prefers cooked,2
USR0361,27,Female,57.5,153.7,24.3,Moderate,1240,1922,Vegan,Terai,Anaemia,None,No leafy,2
USR0362,21,Female,63.2,165.5,23.1,Sedentary,1400,1680,Non-Vegetarian,Hills,None,None,Prefers cooked,2
USR0363,43,Male,49.0,165.6,17.9,Moderate,1315,2038,Vegetarian,Hills,Underweight,None,Prefers cooked,3
USR0364,69,Male,68.7,173.4,22.8,Heavy,1431,2468,Vegetarian,Hills,None,None,No bitter,2
USR0365,42,Female,57.0,165.5,20.8,Heavy,1233,2127,Vegan,Terai,None,Nuts,No leafy,1
USR0366,10,Male,58.4,158.6,23.2,Sedentary,1530,1836,Non-Vegetarian,Hills,Underweight,Milk,Likes all,3
USR0367,70,Female,57.2,146.8,26.5,Sedentary,978,1174,Non-Vegetarian,Terai,Hypertension,None,Likes all,1
USR0368,13,Male,65.4,175.9,21.1,Moderate,1693,2624,Non-Vegetarian,Terai,None,Fish,Likes all,1
USR0369,63,Male,61.4,162.8,23.2,Sedentary,1322,1586,Vegetarian,Terai,Diabetes,None,Prefers cooked,2
USR0370,54,Female,45.3,156.2,18.6,Moderate,998,1547,Vegetarian,Hills,Celiac,None,Likes all,3
USR0371,10,Male,60.8,162.0,23.2,Sedentary,1576,1891,Non-Vegetarian,Hills,Lactose Intolerance,None,No bitter,2
USR0372,55,Female,55.0,152.4,23.7,Moderate,1066,1652,Vegan,Terai,None,Fish,No bitter,1
USR0373,52,Female,55.3,153.7,23.4,Moderate,1093,1694,Vegetarian,Terai,None,Fish,Likes all,2
USR0374,49,Male,67.2,181.9,20.3,Moderate,1569,2432,Non-Vegetarian,Terai,None,Milk,Prefers cooked,1
USR0375,11,Male,75.8,150.1,33.6,Heavy,1646,2839,Vegan,Terai,Diabetes,None,No bitter,1
USR0376,67,Male,71.0,162.7,26.8,Moderate,1397,2165,Vegetarian,Hills,Lactose Intolerance,None,Prefers cooked,2
USR0377,62,Female,47.8,163.1,18.0,Moderate,1026,1590,Vegan,Mountain,Hypertension,Nuts,No leafy,1
USR0378,45,Male,62.2,170.7,21.3,Heavy,1469,2534,Non-Vegetarian,Hills,None,Nuts,No leafy,2
USR0379,50,Female,55.6,146.0,26.1,Sedentary,1058,1270,Non-Vegetarian,Mountain,None,Milk,Prefers cooked,3
USR0380,38,Male,60.6,153.8,25.6,Sedentary,1382,1658,Vegetarian,Mountain,Celiac,None,No leafy,3
USR0381,9,Male,50.1,161.8,19.1,Heavy,1472,2539,Non-Vegetarian,Hills,Anaemia,None,No bitter,1
USR0382,69,Female,45.0,153.5,19.1,Sedentary,903,1084,Non-Vegetarian,Mountain,Celiac,None,Prefers cooked,2
USR0383,27,Male,50.2,160.8,19.4,Moderate,1377,2134,Non-Vegetarian,Hills,None,None,No leafy,1
USR0384,38,Male,60.0,166.7,21.6,Moderate,1457,2258,Vegan,Hills,Anaemia,Gluten,No leafy,1
USR0385,46,Male,83.0,177.7,26.3,Moderate,1716,2660,Non-Vegetarian,Mountain,Underweight,None,No leafy,2
USR0386,14,Female,45.3,153.3,19.3,Moderate,1180,1829,Vegan,Hills,Hypertension,Nuts,No leafy,2
USR0387,69,Male,69.9,159.2,27.6,Moderate,1354,2099,Vegetarian,Mountain,Celiac,Milk,Prefers cooked,1
USR0388,25,Male,51.7,174.7,16.9,Sedentary,1489,1787,Non-Vegetarian,Hills,Hypertension,None,No leafy,2
USR0389,31,Female,43.1,148.5,19.5,Heavy,1043,1799,Vegetarian,Terai,None,None,Prefers cooked,1
USR0390,23,Male,69.3,167.1,24.8,Moderate,1627,2522,Vegan,Hills,Lactose Intolerance,None,No bitter,1
USR0391,62,Male,53.1,159.4,20.9,Heavy,1222,2108,Non-Vegetarian,Terai,Anaemia,None,Prefers cooked,3
USR0392,26,Female,52.7,147.7,24.2,Heavy,1159,1999,Vegan,Mountain,None,None,No leafy,2
USR0393,18,Male,74.1,166.0,26.9,Heavy,1694,2922,Non-Vegetarian,Mountain,None,None,No leafy,3
USR0394,73,Male,57.0,164.9,21.0,Heavy,1241,2141,Non-Vegetarian,Mountain,Underweight,None,No leafy,3
USR0395,52,Female,63.8,146.3,29.8,Heavy,1131,1951,Non-Vegetarian,Hills,Anaemia,Nuts,Likes all,2
USR0396,37,Male,54.8,165.8,19.9,Sedentary,1404,1685,Non-Vegetarian,Mountain,Underweight,Fish,No bitter,1
USR0397,5,Male,57.6,163.1,21.7,Sedentary,1575,1890,Non-Vegetarian,Terai,Hypertension,Fish,No bitter,1
USR0398,59,Male,57.6,160.0,22.5,Heavy,1286,2218,Vegan,Hills,Lactose Intolerance,Milk,No leafy,1
USR0399,75,Female,56.2,146.1,26.3,Moderate,939,1455,Vegan,Mountain,Obesity,Milk,No bitter,3
USR0400,55,Female,52.4,140.3,26.6,Sedentary,965,1158,Non-Vegetarian,Hills,None,None,Prefers cooked,3
USR0401,48,Female,57.9,144.8,27.6,Sedentary,1083,1300,Non-Vegetarian,Hills,Celiac,None,Likes all,1
USR0402,60,Female,60.0,156.9,24.4,Moderate,1120,1736,Vegetarian,Mountain,None,Fish,No leafy,3
USR0403,12,Female,69.7,149.7,31.1,Heavy,1412,2436,Non-Vegetarian,Terai,None,Milk,Prefers cooked,1
USR0404,26,Male,57.7,158.3,23.0,Sedentary,1441,1729,Non-Vegetarian,Terai,Diabetes,Fish,No bitter,2
USR0405,30,Female,39.4,152.7,16.9,Sedentary,1037,1244,Vegetarian,Mountain,Diabetes,Nuts,No bitter,2
USR0406,29,Male,52.2,167.3,18.6,Sedentary,1428,1714,Non-Vegetarian,Terai,Anaemia,None,Likes all,3
USR0407,48,Female,69.3,149.9,30.8,Moderate,1229,1905,Vegan,Mountain,Diabetes,Gluten,No leafy,3
USR0408,36,Female,55.1,136.2,29.7,Heavy,1061,1830,Non-Vegetarian,Mountain,None,Gluten,Likes all,2
USR0409,53,Male,40.6,145.9,19.1,Moderate,1058,1640,Non-Vegetarian,Hills,Hypertension,None,No bitter,1
USR0410,16,Female,42.0,160.9,16.2,Moderate,1185,1837,Vegetarian,Mountain,None,Gluten,No bitter,2
USR0411,39,Male,68.8,177.1,21.9,Moderate,1605,2488,Non-Vegetarian,Terai,None,None,No bitter,1
USR0412,30,Male,71.7,151.9,31.1,Moderate,1521,2358,Non-Vegetarian,Terai,None,None,No leafy,3
USR0413,74,Male,80.7,160.9,31.2,Moderate,1448,2244,Vegan,Hills,Obesity,Milk,No leafy,1
USR0414,55,Female,56.1,163.0,21.1,Sedentary,1144,1373,Vegan,Hills,Obesity,None,No bitter,2
USR0415,63,Male,77.3,163.2,29.0,Heavy,1483,2558,Non-Vegetarian,Terai,None,None,No leafy,3
USR0416,46,Male,49.2,177.2,15.7,Moderate,1374,2130,Vegan,Hills,None,Milk,No leafy,3
USR0417,51,Female,57.8,160.7,22.4,Heavy,1166,2011,Non-Vegetarian,Hills,Anaemia,Milk,No leafy,1
USR0418,34,Male,68.3,153.2,29.1,Moderate,1476,2288,Vegan,Hills,Anaemia,None,Prefers cooked,1
USR0419,6,Female,58.7,161.4,22.5,Moderate,1405,2178,Non-Vegetarian,Hills,Diabetes,None,No leafy,1
USR0420,12,Male,63.6,171.0,21.8,Sedentary,1650,1980,Non-Vegetarian,Hills,Diabetes,Nuts,No bitter,3
USR0421,49,Female,58.5,154.4,24.5,Moderate,1144,1773,Vegan,Mountain,Celiac,None,No bitter,2
USR0422,70,Female,39.3,154.9,16.4,Sedentary,850,1020,Non-Vegetarian,Mountain,Diabetes,Gluten,Prefers cooked,1
USR0423,58,Female,46.0,147.3,21.2,Sedentary,930,1116,Vegetarian,Terai,Hypertension,None,No bitter,2
USR0424,39,Female,46.9,149.7,20.9,Heavy,1049,1810,Non-Vegetarian,Mountain,Underweight,Gluten,No leafy,1
USR0425,7,Male,67.2,169.1,23.5,Moderate,1699,2633,Vegetarian,Terai,None,Fish,Likes all,1
USR0426,65,Male,59.8,164.4,22.1,Heavy,1306,2253,Vegan,Terai,None,Milk,Prefers cooked,1
USR0427,44,Female,55.9,165.4,20.4,Heavy,1212,2091,Non-Vegetarian,Terai,Underweight,None,Likes all,1
USR0428,46,Female,60.6,148.1,27.6,Moderate,1141,1769,Vegan,Hills,None,None,No leafy,3
USR0429,72,Female,46.9,147.3,21.6,Moderate,869,1347,Non-Vegetarian,Mountain,None,None,No leafy,2
USR0430,57,Female,53.5,159.9,20.9,Sedentary,1088,1306,Vegan,Terai,Hypertension,Milk,No leafy,3
USR0431,67,Male,72.8,162.0,27.7,Sedentary,1410,1692,Non-Vegetarian,Hills,Lactose Intolerance,None,Likes all,3
USR0432,29,Female,44.2,158.7,17.5,Heavy,1128,1946,Non-Vegetarian,Terai,Celiac,Fish,No leafy,1
USR0433,15,Female,48.1,156.4,19.7,Moderate,1222,1894,Non-Vegetarian,Mountain,Diabetes,Fish,Prefers cooked,1
USR0434,22,Male,58.5,176.0,18.9,Heavy,1580,2726,Non-Vegetarian,Mountain,Obesity,None,No bitter,1
USR0435,11,Male,64.1,164.7,23.6,Sedentary,1620,1944,Non-Vegetarian,Hills,None,Gluten,Likes all,1
USR0436,24,Male,69.0,165.5,25.2,Heavy,1609,2776,Non-Vegetarian,Hills,Hypertension,Gluten,Likes all,2
USR0437,23,Male,78.2,169.8,27.1,Sedentary,1733,2080,Vegan,Hills,None,None,No bitter,2
USR0438,20,Male,77.6,163.0,29.2,Heavy,1700,2932,Non-Vegetarian,Terai,None,None,No leafy,1
USR0439,65,Male,42.4,178.1,13.4,Moderate,1217,1886,Non-Vegetarian,Terai,Underweight,None,No bitter,2
USR0440,30,Female,52.1,155.8,21.5,Moderate,1184,1835,Vegetarian,Terai,Celiac,Fish,No bitter,1
USR0441,40,Male,53.3,160.9,20.6,Moderate,1344,2083,Vegetarian,Terai,Lactose Intolerance,Gluten,Prefers cooked,2
USR0442,36,Male,64.4,167.9,22.8,Moderate,1518,2353,Vegetarian,Terai,Hypertension,None,Likes all,1
USR0443,34,Female,49.3,162.2,18.7,Moderate,1176,1823,Non-Vegetarian,Terai,None,Fish,No bitter,1
USR0444,10,Female,44.4,154.7,18.6,Moderate,1200,1860,Vegan,Hills,None,None,No bitter,2
USR0445,40,Female,62.2,147.0,28.8,Moderate,1180,1829,Vegetarian,Mountain,None,Gluten,No bitter,2
USR0446,63,Female,66.8,154.0,28.2,Heavy,1154,1991,Non-Vegetarian,Terai,Lactose Intolerance,Nuts,Prefers cooked,2
USR0447,73,Male,64.7,160.3,25.2,Heavy,1289,2224,Vegan,Terai,Lactose Intolerance,Milk,No bitter,2
USR0448,19,Female,64.9,159.8,25.4,Sedentary,1392,1670,Non-Vegetarian,Terai,None,None,Likes all,2
USR0449,17,Male,76.0,167.3,27.2,Heavy,1726,2977,Non-Vegetarian,Mountain,Lactose Intolerance,Milk,Likes all,2
USR0450,14,Male,84.5,166.5,30.5,Heavy,1821,3141,Vegetarian,Hills,Celiac,None,No bitter,3
USR0451,52,Female,54.9,151.7,23.9,Moderate,1076,1668,Vegan,Terai,None,Milk,Likes all,1
USR0452,17,Male,60.1,155.3,24.9,Moderate,1492,2313,Non-Vegetarian,Mountain,Celiac,None,Prefers cooked,3
USR0453,18,Female,55.2,144.9,26.3,Heavy,1207,2082,Non-Vegetarian,Terai,None,None,No leafy,3
USR0454,25,Female,42.1,152.0,18.2,Moderate,1085,1682,Non-Vegetarian,Mountain,Hypertension,Nuts,No leafy,2
USR0455,35,Female,48.2,152.1,20.8,Moderate,1097,1700,Non-Vegetarian,Hills,Obesity,Fish,Likes all,1
USR0456,7,Female,25.6,151.6,11.1,Moderate,1008,1562,Vegetarian,Hills,None,None,No bitter,1
USR0457,75,Female,42.3,153.4,18.0,Moderate,846,1311,Vegetarian,Terai,Obesity,Nuts,Prefers cooked,1
USR0458,51,Female,59.2,150.6,26.1,Moderate,1117,1731,Non-Vegetarian,Terai,Lactose Intolerance,Fish,Prefers cooked,1
USR0459,66,Female,61.8,165.6,22.5,Sedentary,1162,1394,Vegan,Hills,None,Fish,Likes all,1
USR0460,49,Female,61.0,148.9,27.5,Sedentary,1135,1362,Non-Vegetarian,Mountain,None,Fish,Likes all,2
USR0461,45,Male,56.5,163.9,21.0,Moderate,1369,2122,Non-Vegetarian,Terai,Celiac,Fish,No leafy,3
USR0462,33,Male,46.0,170.8,15.8,Moderate,1368,2120,Non-Vegetarian,Hills,None,Gluten,Likes all,3
USR0463,38,Female,63.1,158.2,25.2,Moderate,1269,1967,Non-Vegetarian,Hills,Underweight,None,No leafy,2
USR0464,72,Male,62.1,168.1,22.0,Heavy,1317,2272,Non-Vegetarian,Mountain,None,None,No leafy,2
USR0465,49,Female,57.0,160.0,22.3,Sedentary,1164,1397,Non-Vegetarian,Terai,Hypertension,Gluten,Prefers cooked,2
USR0466,34,Male,65.0,172.4,21.9,Sedentary,1562,1874,Vegetarian,Terai,None,None,No bitter,1
USR0467,19,Female,50.6,161.4,19.4,Moderate,1259,1951,Non-Vegetarian,Mountain,None,None,No bitter,3
USR0468,23,Female,49.5,144.2,23.8,Heavy,1120,1932,Vegan,Mountain,None,Milk,Prefers cooked,1
USR0469,30,Female,57.0,144.6,27.3,Sedentary,1163,1396,Non-Vegetarian,Terai,None,Fish,No bitter,2
USR0470,7,Male,56.5,181.0,17.2,Heavy,1666,2874,Non-Vegetarian,Hills,Underweight,None,No bitter,2
USR0471,28,Male,70.2,184.8,20.6,Sedentary,1722,2066,Vegetarian,Terai,Underweight,Milk,No bitter,2
USR0472,25,Female,67.6,155.2,28.1,Moderate,1360,2108,Non-Vegetarian,Terai,Underweight,Milk,Likes all,2
USR0473,8,Female,74.6,148.1,34.0,Moderate,1471,2280,Non-Vegetarian,Hills,Anaemia,None,Likes all,2
USR0474,58,Male,62.3,169.6,21.7,Moderate,1398,2167,Vegan,Hills,Obesity,None,Prefers cooked,1
USR0475,22,Male,56.3,176.7,18.0,Moderate,1562,2421,Non-Vegetarian,Terai,Celiac,None,No bitter,1
USR0476,28,Male,53.5,180.0,16.5,Sedentary,1525,1830,Non-Vegetarian,Hills,Anaemia,Milk,No leafy,2
USR0477,29,Male,67.0,168.2,23.7,Moderate,1581,2451,Vegan,Mountain,Lactose Intolerance,None,Prefers cooked,1
USR0478,50,Male,77.3,171.7,26.2,Moderate,1601,2482,Vegan,Mountain,Obesity,Nuts,Prefers cooked,2
USR0479,65,Female,57.8,157.5,23.3,Sedentary,1076,1291,Non-Vegetarian,Terai,Diabetes,Fish,Prefers cooked,1
USR0480,13,Male,73.0,182.8,21.8,Heavy,1812,3126,Vegan,Hills,Hypertension,Gluten,Prefers cooked,2
USR0481,10,Female,40.9,145.8,19.2,Moderate,1109,1719,Non-Vegetarian,Mountain,Lactose Intolerance,None,Likes all,2
USR0482,10,Female,58.9,150.3,26.1,Heavy,1317,2272,Vegetarian,Mountain,Anaemia,None,Prefers cooked,2
USR0483,55,Female,65.6,146.0,30.8,Moderate,1132,1755,Non-Vegetarian,Terai,Anaemia,Milk,Likes all,3
USR0484,64,Male,67.3,157.3,27.2,Sedentary,1341,1609,Non-Vegetarian,Mountain,Underweight,None,No leafy,2
USR0485,62,Female,63.8,155.2,26.5,Moderate,1137,1762,Non-Vegetarian,Terai,Diabetes,Nuts,Prefers cooked,1
USR0486,19,Male,58.1,154.1,24.5,Sedentary,1454,1745,Vegan,Hills,Underweight,None,No leafy,3
USR0487,10,Female,56.3,138.7,29.3,Moderate,1219,1889,Non-Vegetarian,Terai,None,None,No leafy,2
USR0488,62,Female,52.6,158.3,21.0,Moderate,1044,1618,Non-Vegetarian,Terai,Lactose Intolerance,Milk,Likes all,2
USR0489,68,Female,53.1,153.8,22.4,Heavy,991,1709,Non-Vegetarian,Terai,Lactose Intolerance,Gluten,No leafy,2
USR0490,15,Female,53.2,153.5,22.6,Moderate,1255,1945,Vegan,Mountain,None,None,Prefers cooked,1
USR0491,49,Male,81.1,168.6,28.5,Moderate,1625,2519,Non-Vegetarian,Terai,None,None,No leafy,1
USR0492,41,Male,50.3,157.1,20.4,Moderate,1285,1992,Non-Vegetarian,Mountain,Hypertension,None,Likes all,2
USR0493,52,Female,67.3,146.2,31.5,Heavy,1166,2011,Vegan,Terai,Diabetes,Gluten,Prefers cooked,1
USR0494,47,Female,43.2,152.6,18.6,Moderate,990,1534,Vegan,Terai,None,None,No leafy,3
USR0495,59,Female,47.9,150.1,21.3,Moderate,961,1490,Non-Vegetarian,Mountain,Lactose Intolerance,Gluten,No leafy,2
USR0496,34,Male,54.8,143.5,26.6,Sedentary,1280,1536,Vegetarian,Terai,Obesity,None,Prefers cooked,3
USR0497,57,Female,62.0,155.8,25.5,Moderate,1148,1779,Vegetarian,Terai,Diabetes,Milk,Likes all,2
USR0498,69,Female,39.4,150.3,17.4,Sedentary,827,992,Non-Vegetarian,Hills,Anaemia,None,Prefers cooked,1
USR0499,48,Female,63.1,150.2,28.0,Heavy,1169,2017,Vegetarian,Terai,Obesity,None,No leafy,3
USR0500,64,Female,56.0,146.9,26.0,Sedentary,997,1196,Vegan,Hills,Lactose Intolerance,Nuts,Likes all,1
USR0501,50,Female,58.7,155.6,24.2,Sedentary,1148,1378,Non-Vegetarian,Hills,Celiac,None,No leafy,1
USR0502,44,Male,59.6,158.3,23.8,Sedentary,1370,1644,Non-Vegetarian,Hills,None,Gluten,Prefers cooked,2
USR0503,43,Female,55.6,159.8,21.8,Sedentary,1179,1415,Non-Vegetarian,Terai,None,None,No leafy,3
USR0504,66,Male,66.8,162.4,25.3,Moderate,1358,2105,Non-Vegetarian,Mountain,Diabetes,Nuts,Prefers cooked,1
USR0505,31,Male,60.2,156.2,24.7,Sedentary,1428,1714,Vegetarian,Hills,None,None,No bitter,2
USR0506,18,Male,47.5,163.5,17.8,Moderate,1412,2189,Vegetarian,Mountain,Diabetes,None,No bitter,1
USR0507,41,Male,60.5,171.9,20.5,Heavy,1479,2551,Vegetarian,Hills,None,None,No bitter,1
USR0508,70,Male,72.0,171.0,24.6,Moderate,1444,2238,Non-Vegetarian,Terai,Diabetes,None,Prefers cooked,1
USR0509,48,Female,51.2,153.4,21.8,Sedentary,1070,1284,Non-Vegetarian,Terai,None,Fish,Likes all,1
USR0510,55,Female,59.2,162.5,22.4,Heavy,1172,2022,Vegan,Hills,Diabetes,Nuts,Prefers cooked,3
USR0511,64,Male,58.0,163.5,21.7,Heavy,1287,2220,Vegetarian,Hills,Diabetes,Gluten,No leafy,1
USR0512,23,Male,70.9,156.5,28.9,Moderate,1577,2444,Non-Vegetarian,Terai,Celiac,Nuts,No bitter,2
USR0513,8,Female,58.0,155.4,24.0,Heavy,1350,2329,Non-Vegetarian,Terai,Diabetes,Nuts,Prefers cooked,3
USR0514,56,Male,69.4,152.0,30.0,Moderate,1369,2122,Vegan,Terai,Diabetes,Gluten,No leafy,3
USR0515,35,Female,45.8,147.9,20.9,Heavy,1046,1804,Non-Vegetarian,Terai,Hypertension,None,No leafy,2
USR0516,74,Female,52.1,149.9,23.2,Sedentary,927,1112,Vegan,Hills,None,Gluten,No bitter,3
USR0517,61,Male,73.2,182.9,21.9,Sedentary,1575,1890,Vegan,Terai,Celiac,Fish,No bitter,2
USR0518,16,Male,63.1,169.3,22.0,Sedentary,1614,1937,Non-Vegetarian,Terai,Obesity,Milk,No leafy,3
USR0519,30,Female,59.1,167.8,21.0,Moderate,1329,2060,Vegan,Hills,Anaemia,Nuts,Likes all,3
USR0520,70,Male,57.7,167.4,20.6,Moderate,1278,1981,Vegetarian,Hills,Underweight,None,Likes all,3
USR0521,19,Female,65.6,143.3,31.9,Moderate,1296,2009,Non-Vegetarian,Mountain,Anaemia,Nuts,No leafy,2
USR0522,60,Female,41.3,151.1,18.1,Heavy,896,1546,Non-Vegetarian,Terai,Underweight,Fish,No bitter,2
USR0523,41,Male,76.9,164.8,28.3,Moderate,1599,2478,Vegetarian,Terai,Celiac,None,Prefers cooked,2
USR0524,22,Female,65.1,159.1,25.7,Heavy,1374,2370,Non-Vegetarian,Mountain,Anaemia,None,No leafy,3
USR0525,75,Female,57.8,147.8,26.5,Moderate,966,1497,Non-Vegetarian,Hills,Lactose Intolerance,None,No leafy,1
USR0526,57,Female,64.6,149.9,28.7,Sedentary,1137,1364,Vegetarian,Mountain,Obesity,Nuts,Likes all,3
USR0527,15,Female,63.2,162.8,23.8,Moderate,1414,2192,Non-Vegetarian,Mountain,None,None,Prefers cooked,2
USR0528,74,Male,64.6,158.4,25.7,Sedentary,1271,1525,Non-Vegetarian,Mountain,None,Gluten,No leafy,3
USR0529,47,Female,33.9,162.5,12.8,Moderate,959,1486,Non-Vegetarian,Terai,None,Milk,No bitter,1
USR0530,26,Female,42.2,149.5,18.9,Moderate,1065,1651,Vegan,Terai,Diabetes,Gluten,Likes all,1
USR0531,40,Male,61.8,176.1,19.9,Moderate,1524,2362,Non-Vegetarian,Terai,None,None,Prefers cooked,2
USR0532,27,Female,53.0,164.8,19.5,Heavy,1264,2180,Non-Vegetarian,Mountain,None,Nuts,Likes all,1
USR0533,68,Male,62.2,156.7,25.3,Heavy,1266,2184,Non-Vegetarian,Hills,Celiac,None,Prefers cooked,3
USR0534,11,Female,44.5,144.8,21.2,Sedentary,1134,1361,Vegetarian,Terai,Obesity,Fish,No leafy,2
USR0535,73,Female,55.4,164.6,20.4,Heavy,1057,1823,Non-Vegetarian,Hills,None,Fish,Likes all,2
USR0536,53,Female,44.0,137.9,23.1,Sedentary,876,1051,Vegetarian,Mountain,Celiac,Nuts,No leafy,3
USR0537,47,Female,51.9,166.5,18.7,Moderate,1164,1804,Vegan,Hills,Obesity,None,Prefers cooked,3
USR0538,28,Female,53.5,154.9,22.3,Sedentary,1202,1442,Vegetarian,Terai,Anaemia,None,Likes all,2
USR0539,33,Female,52.9,148.7,23.9,Sedentary,1132,1358,Vegetarian,Mountain,None,None,Prefers cooked,3
USR0540,20,Male,73.7,170.6,25.3,Heavy,1708,2946,Vegan,Terai,None,None,No bitter,2
USR0541,14,Female,40.9,141.9,20.3,Moderate,1065,1651,Non-Vegetarian,Hills,Diabetes,None,Likes all,2
USR0542,53,Male,36.6,182.1,11.0,Moderate,1244,1928,Non-Vegetarian,Terai,Obesity,None,No leafy,1
USR0543,27,Female,51.4,151.3,22.5,Heavy,1164,2008,Non-Vegetarian,Mountain,Celiac,None,No leafy,2
USR0544,9,Male,73.7,169.6,25.6,Moderate,1757,2723,Non-Vegetarian,Terai,Obesity,None,Likes all,1
USR0545,39,Female,58.7,159.1,23.2,Heavy,1225,2113,Vegan,Terai,Underweight,Gluten,No leafy,2
USR0546,13,Female,53.3,153.9,22.5,Heavy,1269,2189,Vegetarian,Mountain,Underweight,Nuts,No bitter,2
USR0547,12,Female,38.7,140.9,19.5,Sedentary,1047,1256,Non-Vegetarian,Mountain,Hypertension,None,No leafy,2
USR0548,27,Male,37.3,158.0,14.9,Moderate,1230,1906,Non-Vegetarian,Hills,None,Nuts,No leafy,1
USR0549,29,Female,57.8,157.5,23.3,Moderate,1256,1947,Non-Vegetarian,Hills,None,Milk,No leafy,3
USR0550,7,Female,57.0,154.5,23.9,Sedentary,1340,1608,Non-Vegetarian,Terai,None,Gluten,Prefers cooked,3
USR0551,14,Male,67.4,166.0,24.5,Sedentary,1646,1975,Non-Vegetarian,Mountain,None,None,Prefers cooked,1
USR0552,11,Male,77.3,156.6,31.5,Sedentary,1702,2042,Non-Vegetarian,Mountain,None,None,Likes all,1
USR0553,33,Female,59.6,155.8,24.6,Moderate,1244,1928,Non-Vegetarian,Hills,None,None,No bitter,1
USR0554,27,Male,59.4,168.5,20.9,Moderate,1517,2351,Non-Vegetarian,Terai,Hypertension,None,No leafy,1
USR0555,22,Male,77.7,174.1,25.6,Heavy,1760,3036,Non-Vegetarian,Terai,Obesity,None,Likes all,1
USR0556,16,Male,58.4,154.7,24.4,Moderate,1476,2288,Non-Vegetarian,Hills,None,None,Prefers cooked,2
USR0557,57,Female,54.4,158.3,21.7,Sedentary,1087,1304,Vegan,Terai,Obesity,None,No bitter,2
USR0558,5,Female,48.5,152.4,20.9,Sedentary,1252,1502,Vegan,Hills,Underweight,None,No leafy,1
USR0559,11,Female,59.6,165.7,21.7,Heavy,1416,2443,Non-Vegetarian,Terai,None,None,Likes all,2
USR0560,31,Female,46.6,156.5,19.0,Heavy,1128,1946,Vegetarian,Terai,None,None,Prefers cooked,1
USR0561,70,Female,68.3,163.9,25.4,Heavy,1196,2063,Vegan,Mountain,Hypertension,Fish,Prefers cooked,2
USR0562,19,Male,59.9,168.2,21.2,Heavy,1560,2691,Non-Vegetarian,Hills,None,None,No leafy,3
USR0563,11,Female,57.9,151.5,25.2,Heavy,1310,2260,Non-Vegetarian,Hills,Hypertension,None,No leafy,1
USR0564,39,Female,55.4,157.5,22.3,Sedentary,1182,1418,Non-Vegetarian,Terai,None,Gluten,No leafy,2
USR0565,48,Male,63.6,171.6,21.6,Moderate,1474,2285,Vegan,Terai,Lactose Intolerance,None,Likes all,2
USR0566,32,Female,39.6,146.7,18.4,Moderate,992,1538,Vegetarian,Hills,None,None,No bitter,2
USR0567,24,Male,80.3,156.2,32.9,Heavy,1664,2870,Vegetarian,Terai,Obesity,None,No leafy,3
USR0568,66,Female,59.1,143.9,28.5,Sedentary,999,1199,Non-Vegetarian,Hills,None,None,Likes all,2
USR0569,21,Male,57.3,169.6,19.9,Sedentary,1533,1840,Vegetarian,Hills,Celiac,Milk,Prefers cooked,2
USR0570,63,Male,56.7,166.0,20.6,Heavy,1294,2232,Non-Vegetarian,Hills,Celiac,Gluten,Likes all,1
USR0571,47,Female,46.6,152.9,19.9,Moderate,1026,1590,Vegan,Mountain,Lactose Intolerance,None,Likes all,3
USR0572,12,Female,34.3,152.6,14.7,Moderate,1076,1668,Vegetarian,Terai,Anaemia,Nuts,No leafy,3
USR0573,51,Male,52.3,173.6,17.4,Sedentary,1358,1630,Vegan,Terai,None,Nuts,Prefers cooked,3
USR0574,66,Male,60.7,151.7,26.4,Moderate,1230,1906,Non-Vegetarian,Hills,Hypertension,Milk,No leafy,2
USR0575,13,Male,54.3,171.3,18.5,Sedentary,1554,1865,Non-Vegetarian,Mountain,Celiac,Milk,No leafy,3
USR0576,13,Female,61.1,167.5,21.8,Sedentary,1432,1718,Vegetarian,Hills,None,Milk,Likes all,1
USR0577,40,Male,66.3,167.9,23.5,Moderate,1517,2351,Non-Vegetarian,Mountain,Celiac,None,No bitter,2
USR0578,65,Male,55.8,172.1,18.8,Sedentary,1314,1577,Non-Vegetarian,Terai,None,None,Prefers cooked,3
USR0579,57,Female,42.4,149.1,19.1,Moderate,910,1410,Non-Vegetarian,Mountain,Celiac,Gluten,No leafy,2
USR0580,44,Male,65.7,170.5,22.6,Heavy,1508,2601,Non-Vegetarian,Hills,None,None,No bitter,2
USR0581,26,Female,50.1,151.2,21.9,Moderate,1155,1790,Non-Vegetarian,Terai,Celiac,None,Prefers cooked,1
USR0582,10,Male,75.1,164.6,27.7,Heavy,1735,2993,Non-Vegetarian,Hills,None,None,Likes all,2
USR0583,23,Female,46.2,160.2,18.0,Moderate,1187,1840,Vegan,Hills,None,None,No leafy,2
USR0584,63,Male,67.2,163.0,25.3,Moderate,1381,2141,Non-Vegetarian,Hills,Diabetes,None,No leafy,2
USR0585,66,Male,66.4,162.4,25.2,Sedentary,1354,1625,Non-Vegetarian,Terai,Anaemia,None,No leafy,2
USR0586,46,Male,75.5,168.9,26.5,Moderate,1586,2458,Non-Vegetarian,Terai,None,None,No leafy,1
USR0587,29,Female,41.8,154.6,17.5,Sedentary,1078,1294,Non-Vegetarian,Hills,None,Fish,No bitter,2
USR0588,6,Female,52.2,160.4,20.3,Heavy,1334,2301,Vegan,Terai,None,Gluten,No leafy,2
USR0589,25,Female,62.2,136.6,33.3,Heavy,1190,2053,Non-Vegetarian,Terai,Lactose Intolerance,None,Prefers cooked,1
USR0590,65,Female,65.0,153.4,27.6,Moderate,1123,1741,Vegetarian,Mountain,Anaemia,None,Likes all,2
USR0591,58,Female,58.6,160.9,22.6,Moderate,1141,1769,Non-Vegetarian,Terai,Anaemia,Milk,No leafy,1
USR0592,43,Female,39.2,154.4,16.4,Moderate,981,1521,Vegetarian,Terai,None,Milk,No bitter,2
USR0593,41,Male,51.9,169.6,18.0,Moderate,1379,2137,Vegetarian,Terai,Diabetes,Gluten,Likes all,3
USR0594,66,Female,37.4,148.4,17.0,Heavy,810,1397,Vegetarian,Hills,Underweight,None,No bitter,1
USR0595,23,Male,53.3,179.9,16.5,Moderate,1547,2398,Non-Vegetarian,Terai,None,Milk,No bitter,2
USR0596,11,Female,51.3,162.3,19.5,Sedentary,1311,1573,Vegan,Terai,Celiac,None,Likes all,3
USR0597,74,Male,58.2,171.3,19.8,Moderate,1288,1996,Non-Vegetarian,Hills,None,Nuts,Prefers cooked,1
USR0598,71,Male,58.6,178.6,18.4,Heavy,1352,2332,Non-Vegetarian,Terai,None,None,Prefers cooked,3
USR0599,29,Male,65.6,155.2,27.2,Sedentary,1486,1783,Non-Vegetarian,Hills,None,None,Prefers cooked,1
USR0600,49,Female,50.8,160.2,19.8,Heavy,1103,1903,Vegan,Mountain,Hypertension,None,No bitter,1
USR0601,33,Male,72.6,173.9,24.0,Moderate,1653,2562,Non-Vegetarian,Terai,None,None,Likes all,2
USR0602,14,Male,73.4,166.1,26.6,Heavy,1707,2945,Vegetarian,Terai,None,None,Likes all,2
USR0603,37,Male,70.2,166.8,25.2,Sedentary,1564,1877,Vegetarian,Terai,Lactose Intolerance,None,Prefers cooked,1
USR0604,8,Female,68.6,161.3,26.4,Moderate,1493,2314,Vegan,Hills,Hypertension,None,Prefers cooked,3
USR0605,17,Male,69.2,152.7,29.7,Moderate,1566,2427,Non-Vegetarian,Hills,None,None,Likes all,1
USR0606,51,Female,52.2,149.8,23.3,Sedentary,1042,1250,Non-Vegetarian,Hills,Anaemia,Fish,Prefers cooked,3
USR0607,57,Male,83.9,180.1,25.9,Sedentary,1685,2022,Non-Vegetarian,Terai,Underweight,None,No leafy,2
USR0608,10,Female,63.1,158.0,25.3,Heavy,1408,2429,Non-Vegetarian,Hills,Lactose Intolerance,Milk,No leafy,1
USR0609,42,Female,63.5,153.3,27.0,Sedentary,1222,1466,Non-Vegetarian,Hills,None,None,No leafy,1
USR0610,61,Female,40.6,152.5,17.5,Sedentary,893,1072,Non-Vegetarian,Hills,Anaemia,None,Prefers cooked,1
USR0611,30,Female,47.6,162.0,18.1,Heavy,1178,2032,Vegetarian,Terai,Anaemia,Gluten,No bitter,3
USR0612,56,Female,45.8,162.2,17.4,Heavy,1031,1778,Non-Vegetarian,Mountain,Diabetes,None,No leafy,1
USR0613,37,Male,54.8,165.4,20.0,Moderate,1402,2173,Vegetarian,Terai,None,None,No leafy,1
USR0614,53,Male,55.0,160.7,21.3,Moderate,1294,2006,Vegan,Mountain,None,None,No leafy,2
USR0615,42,Male,55.9,157.1,22.6,Moderate,1336,2071,Vegan,Hills,Underweight,None,Likes all,2
USR0616,54,Male,43.4,169.8,15.1,Heavy,1230,2122,Non-Vegetarian,Terai,None,None,No bitter,1
USR0617,60,Female,63.5,162.3,24.1,Heavy,1188,2049,Vegetarian,Mountain,Celiac,Gluten,No leafy,2
USR0618,69,Male,69.3,167.1,24.8,Heavy,1397,2410,Vegan,Hills,Diabetes,Nuts,Likes all,1
USR0619,21,Male,66.8,158.7,26.5,Sedentary,1560,1872,Non-Vegetarian,Hills,None,Fish,No bitter,2
USR0620,49,Female,60.3,155.8,24.8,Moderate,1171,1815,Non-Vegetarian,Mountain,None,None,No bitter,1
USR0621,26,Female,61.9,154.8,25.8,Heavy,1296,2236,Non-Vegetarian,Mountain,Underweight,Fish,No bitter,1
USR0622,7,Female,62.7,153.4,26.6,Heavy,1390,2398,Non-Vegetarian,Mountain,None,Gluten,Likes all,1
USR0623,68,Female,38.7,153.8,16.4,Moderate,847,1313,Non-Vegetarian,Mountain,Diabetes,Nuts,No leafy,1
USR0624,14,Female,60.0,146.7,27.9,Moderate,1286,1993,Non-Vegetarian,Terai,Diabetes,Fish,Prefers cooked,3
USR0625,17,Male,55.3,161.5,21.2,Heavy,1482,2556,Non-Vegetarian,Terai,Hypertension,None,No bitter,3
USR0626,60,Female,50.0,148.8,22.6,Heavy,969,1672,Non-Vegetarian,Hills,Lactose Intolerance,Gluten,Prefers cooked,1
USR0627,68,Male,67.9,184.9,19.9,Heavy,1500,2588,Non-Vegetarian,Mountain,Lactose Intolerance,Fish,Likes all,3
USR0628,51,Male,54.8,166.4,19.8,Moderate,1338,2074,Non-Vegetarian,Hills,Hypertension,None,Prefers cooked,2
USR0629,41,Female,49.8,149.7,22.2,Moderate,1068,1655,Non-Vegetarian,Terai,None,None,Prefers cooked,1
USR0630,44,Male,49.5,167.3,17.7,Heavy,1326,2287,Non-Vegetarian,Terai,None,None,No bitter,1
USR0631,38,Male,64.0,158.7,25.4,Moderate,1447,2243,Vegetarian,Hills,None,None,Likes all,2
USR0632,13,Female,61.5,149.8,27.4,Moderate,1325,2054,Vegetarian,Hills,None,None,Likes all,3
USR0633,71,Male,55.2,156.0,22.7,Moderate,1177,1824,Non-Vegetarian,Terai,None,None,No bitter,2
USR0634,35,Female,59.8,152.1,25.8,Sedentary,1213,1456,Non-Vegetarian,Terai,Diabetes,Gluten,No leafy,2
USR0635,67,Male,46.8,162.4,17.7,Sedentary,1153,1384,Non-Vegetarian,Mountain,Anaemia,Gluten,Prefers cooked,2
USR0636,51,Male,52.5,166.2,19.0,Moderate,1314,2037,Vegetarian,Mountain,None,None,Prefers cooked,2
USR0637,44,Female,45.0,145.7,21.2,Sedentary,980,1176,Vegan,Terai,Obesity,Fish,Likes all,2
USR0638,43,Female,68.1,161.0,26.3,Moderate,1311,2032,Non-Vegetarian,Terai,None,Gluten,No bitter,2
USR0639,40,Male,74.4,153.9,31.4,Heavy,1511,2606,Non-Vegetarian,Hills,Hypertension,Fish,Likes all,1
USR0640,69,Female,62.6,157.0,25.4,Moderate,1101,1707,Non-Vegetarian,Terai,None,None,No leafy,1
USR0641,56,Male,64.6,171.5,22.0,Sedentary,1443,1732,Vegetarian,Terai,None,None,No leafy,2
USR0642,66,Female,57.4,151.3,25.1,Moderate,1029,1595,Vegan,Hills,Diabetes,None,Likes all,2
USR0643,28,Female,47.1,158.2,18.8,Moderate,1159,1796,Vegetarian,Terai,Underweight,None,Likes all,2
USR0644,38,Male,60.2,160.4,23.4,Heavy,1420,2450,Vegan,Hills,Lactose Intolerance,Milk,Prefers cooked,1
USR0645,26,Female,58.3,152.9,24.9,Heavy,1248,2153,Non-Vegetarian,Hills,None,None,Prefers cooked,1
USR0646,41,Female,53.8,147.1,24.9,Heavy,1091,1882,Non-Vegetarian,Mountain,None,Milk,Prefers cooked,2
USR0647,57,Male,62.6,163.1,23.5,Moderate,1365,2116,Non-Vegetarian,Mountain,Obesity,None,No bitter,3
USR0648,15,Female,58.8,154.2,24.7,Moderate,1316,2040,Non-Vegetarian,Terai,Anaemia,Fish,No bitter,1
USR0649,12,Male,83.9,171.0,28.7,Heavy,1853,3196,Non-Vegetarian,Mountain,Celiac,None,Likes all,2
USR0650,43,Female,67.3,152.5,28.9,Moderate,1250,1938,Vegan,Terai,Lactose Intolerance,None,No bitter,1
USR0651,48,Female,57.4,151.4,25.0,Moderate,1119,1734,Vegan,Hills,None,Milk,Likes all,2
USR0652,21,Male,35.1,165.1,12.9,Moderate,1283,1989,Non-Vegetarian,Hills,Diabetes,Milk,No bitter,3
USR0653,60,Female,60.1,150.2,26.6,Heavy,1079,1861,Non-Vegetarian,Mountain,Celiac,Gluten,Likes all,1
USR0654,11,Male,62.3,167.1,22.3,Moderate,1617,2506,Non-Vegetarian,Hills,Anaemia,None,No leafy,1
USR0655,50,Female,65.5,153.4,27.8,Heavy,1203,2075,Non-Vegetarian,Terai,None,None,No bitter,1
USR0656,41,Male,64.6,169.4,22.5,Moderate,1505,2333,Vegan,Mountain,None,None,Prefers cooked,2
USR0657,36,Male,63.7,153.1,27.2,Moderate,1419,2199,Vegetarian,Hills,Celiac,None,No leafy,2
USR0658,46,Male,64.3,167.7,22.9,Heavy,1466,2529,Non-Vegetarian,Hills,Lactose Intolerance,None,No bitter,1
USR0659,46,Female,89.4,144.6,42.8,Moderate,1407,2181,Non-Vegetarian,Terai,Celiac,Milk,No bitter,1
USR0660,75,Male,71.4,162.7,27.0,Heavy,1361,2348,Non-Vegetarian,Terai,None,Fish,Likes all,1
USR0661,25,Male,54.2,170.2,18.7,Moderate,1486,2303,Vegetarian,Hills,Obesity,Fish,No bitter,3
USR0662,50,Male,52.4,152.0,22.7,Moderate,1229,1905,Non-Vegetarian,Hills,Anaemia,Gluten,No bitter,3
USR0663,16,Female,54.7,141.2,27.4,Moderate,1188,1841,Non-Vegetarian,Hills,None,None,No bitter,2
USR0664,24,Male,73.1,160.9,28.2,Sedentary,1622,1946,Non-Vegetarian,Hills,Anaemia,None,No leafy,2
USR0665,21,Male,58.6,158.8,23.2,Moderate,1478,2291,Vegan,Hills,Diabetes,None,Likes all,1
USR0666,70,Male,58.0,166.6,20.9,Moderate,1276,1978,Non-Vegetarian,Hills,Lactose Intolerance,None,Likes all,1
USR0667,27,Female,57.9,140.9,29.2,Sedentary,1164,1397,Vegetarian,Hills,Diabetes,Nuts,No leafy,2
USR0668,48,Female,71.8,151.1,31.4,Moderate,1261,1955,Non-Vegetarian,Terai,None,Milk,Likes all,2
USR0669,5,Male,60.7,165.8,22.1,Heavy,1623,2800,Non-Vegetarian,Hills,Celiac,Gluten,No bitter,3
USR0670,55,Female,55.3,151.2,24.2,Moderate,1062,1646,Vegetarian,Terai,None,None,Prefers cooked,1
USR0671,66,Male,53.4,155.7,22.0,Heavy,1182,2039,Vegan,Terai,None,Milk,No leafy,1
USR0672,59,Female,59.4,154.6,24.9,Moderate,1104,1711,Non-Vegetarian,Hills,Obesity,None,No leafy,3
USR0673,30,Male,56.8,179.5,17.6,Heavy,1545,2665,Vegetarian,Hills,None,None,No leafy,2
USR0674,75,Female,56.5,154.0,23.8,Heavy,992,1711,Non-Vegetarian,Mountain,Lactose Intolerance,Gluten,Prefers cooked,1
USR0675,59,Male,50.7,160.3,19.7,Moderate,1219,1889,Non-Vegetarian,Hills,None,Gluten,No bitter,2
USR0676,7,Female,61.7,163.6,23.1,Heavy,1444,2491,Non-Vegetarian,Hills,None,None,No bitter,3
USR0677,21,Female,64.7,146.5,30.1,Heavy,1297,2237,Non-Vegetarian,Hills,Obesity,None,Prefers cooked,2
USR0678,66,Male,66.6,168.9,23.3,Heavy,1397,2410,Vegetarian,Hills,Obesity,Milk,Prefers cooked,1
USR0679,7,Male,57.1,169.8,19.8,Moderate,1602,2483,Non-Vegetarian,Mountain,None,None,No bitter,2
USR0680,34,Male,67.2,168.9,23.6,Moderate,1563,2423,Non-Vegetarian,Hills,None,Milk,Prefers cooked,3
USR0681,11,Male,71.6,161.2,27.6,Heavy,1674,2888,Vegetarian,Terai,Lactose Intolerance,None,Likes all,3
USR0682,26,Male,48.1,153.2,20.5,Moderate,1314,2037,Non-Vegetarian,Hills,Obesity,Gluten,Likes all,1
USR0683,47,Female,55.9,150.7,24.6,Moderate,1105,1713,Non-Vegetarian,Hills,None,None,No leafy,2
USR0684,69,Female,57.4,158.8,22.8,Heavy,1060,1828,Non-Vegetarian,Terai,None,Fish,Prefers cooked,1
USR0685,57,Female,70.7,146.6,32.9,Moderate,1177,1824,Vegetarian,Hills,None,None,Likes all,1
USR0686,45,Female,41.4,161.0,16.0,Heavy,1034,1784,Vegetarian,Hills,None,None,Likes all,3
USR0687,58,Female,42.9,160.1,16.7,Moderate,979,1517,Non-Vegetarian,Hills,None,Milk,Prefers cooked,2
USR0688,31,Female,63.6,147.6,29.2,Heavy,1242,2142,Non-Vegetarian,Hills,None,Milk,Likes all,1
USR0689,54,Female,51.7,142.6,25.4,Moderate,977,1514,Vegan,Mountain,Diabetes,None,Likes all,3
USR0690,71,Female,47.1,162.4,17.9,Sedentary,970,1164,Vegetarian,Mountain,Lactose Intolerance,Milk,Prefers cooked,2
USR0691,69,Female,56.4,155.6,23.3,Moderate,1030,1596,Non-Vegetarian,Mountain,Hypertension,None,Likes all,1
USR0692,43,Female,53.2,153.7,22.5,Moderate,1117,1731,Non-Vegetarian,Mountain,Lactose Intolerance,None,No bitter,2
USR0693,22,Female,51.6,145.7,24.3,Moderate,1156,1792,Vegetarian,Hills,Underweight,None,No bitter,2
USR0694,23,Male,57.5,150.4,25.4,Sedentary,1405,1686,Vegetarian,Terai,Anaemia,None,No leafy,1
USR0695,14,Female,46.5,160.3,18.1,Heavy,1236,2132,Non-Vegetarian,Mountain,Obesity,Fish,No leafy,2
USR0696,25,Female,56.9,156.9,23.1,Heavy,1264,2180,Non-Vegetarian,Mountain,Underweight,None,Prefers cooked,2
USR0697,9,Female,53.5,137.2,28.4,Moderate,1186,1838,Vegetarian,Mountain,Anaemia,None,Likes all,2
USR0698,10,Female,49.5,153.5,21.0,Moderate,1243,1927,Non-Vegetarian,Hills,Diabetes,Gluten,Likes all,1
USR0699,58,Male,82.2,170.1,28.4,Moderate,1600,2480,Non-Vegetarian,Terai,Obesity,None,Likes all,3
USR0700,13,Female,60.4,148.7,27.3,Moderate,1307,2026,Vegan,Hills,Hypertension,Fish,No leafy,3
USR0701,22,Male,50.9,164.7,18.8,Heavy,1433,2472,Non-Vegetarian,Terai,Hypertension,None,No leafy,2
USR0702,55,Male,60.4,167.1,21.6,Heavy,1378,2377,Non-Vegetarian,Terai,None,None,No bitter,3
USR0703,15,Male,66.9,175.4,21.7,Sedentary,1695,2034,Vegan,Mountain,None,Gluten,Likes all,1
USR0704,7,Male,60.9,170.4,21.0,Heavy,1644,2836,Vegetarian,Mountain,Lactose Intolerance,Nuts,No leafy,3
USR0705,67,Male,63.4,163.7,23.7,Heavy,1327,2289,Non-Vegetarian,Hills,None,Nuts,No leafy,2
USR0706,19,Male,74.4,163.7,27.8,Moderate,1677,2599,Non-Vegetarian,Terai,Diabetes,None,Prefers cooked,2
USR0707,26,Female,75.4,160.5,29.3,Moderate,1466,2272,Vegetarian,Terai,Diabetes,Fish,Likes all,2
USR0708,57,Male,68.0,161.2,26.2,Sedentary,1408,1690,Vegetarian,Terai,None,None,No leafy,3
USR0709,19,Female,53.0,160.1,20.7,Heavy,1275,2199,Vegetarian,Hills,None,Fish,Prefers cooked,1
USR0710,75,Female,67.1,151.6,29.2,Moderate,1082,1677,Vegan,Terai,Diabetes,Fish,No leafy,1
USR0711,23,Male,41.7,181.6,12.6,Moderate,1442,2235,Vegan,Hills,Underweight,Gluten,Likes all,1
USR0712,42,Female,50.9,150.5,22.5,Sedentary,1079,1295,Non-Vegetarian,Hills,Lactose Intolerance,Milk,No leafy,2
USR0713,70,Male,60.8,169.7,21.1,Sedentary,1324,1589,Non-Vegetarian,Terai,Anaemia,None,Prefers cooked,3
USR0714,60,Female,56.6,162.0,21.6,Moderate,1118,1733,Non-Vegetarian,Hills,Obesity,Milk,Prefers cooked,2
USR0715,31,Female,42.2,156.4,17.3,Sedentary,1084,1301,Non-Vegetarian,Terai,Lactose Intolerance,Gluten,Likes all,1
USR0716,57,Male,47.5,160.8,18.4,Heavy,1200,2070,Non-Vegetarian,Mountain,None,None,Likes all,2
USR0717,50,Male,71.6,163.6,26.8,Moderate,1494,2316,Non-Vegetarian,Terai,None,None,No leafy,2
USR0718,61,Male,78.5,165.8,28.6,Moderate,1521,2358,Non-Vegetarian,Terai,None,Milk,Prefers cooked,1
USR0719,51,Female,64.2,155.9,26.4,Moderate,1200,1860,Vegetarian,Terai,Celiac,Fish,Likes all,2
USR0720,26,Female,41.5,150.7,18.3,Moderate,1066,1652,Vegetarian,Mountain,None,None,Prefers cooked,2
USR0721,71,Male,60.9,158.6,24.2,Sedentary,1250,1500,Vegan,Mountain,Diabetes,Gluten,Likes all,2
USR0722,46,Male,32.3,175.7,10.5,Moderate,1196,1854,Vegetarian,Mountain,Obesity,Gluten,No bitter,3
USR0723,33,Male,83.4,170.2,28.8,Heavy,1738,2998,Non-Vegetarian,Terai,Anaemia,None,No bitter,1
USR0724,33,Male,72.4,163.8,27.0,Sedentary,1588,1906,Non-Vegetarian,Terai,None,Nuts,No bitter,1
USR0725,8,Male,44.0,166.8,15.8,Moderate,1448,2244,Non-Vegetarian,Terai,None,Gluten,Prefers cooked,2
USR0726,47,Male,54.7,164.3,20.3,Sedentary,1344,1613,Vegan,Mountain,Obesity,None,No leafy,3
USR0727,15,Male,84.0,162.2,31.9,Heavy,1784,3077,Non-Vegetarian,Terai,None,None,No leafy,1
USR0728,60,Female,66.4,158.2,26.5,Sedentary,1192,1430,Non-Vegetarian,Hills,Anaemia,None,No leafy,1
USR0729,63,Male,48.7,174.5,16.0,Sedentary,1268,1522,Non-Vegetarian,Terai,Obesity,Nuts,Prefers cooked,1
USR0730,6,Male,58.9,163.3,22.1,Moderate,1585,2457,Vegan,Terai,Celiac,Milk,No bitter,2
USR0731,61,Female,55.9,157.5,22.5,Sedentary,1077,1292,Vegetarian,Terai,Diabetes,Fish,No bitter,2
USR0732,23,Male,48.6,167.1,17.4,Moderate,1420,2201,Non-Vegetarian,Terai,Underweight,None,Likes all,1
USR0733,59,Male,46.8,183.2,13.9,Moderate,1323,2051,Vegetarian,Hills,None,Gluten,No leafy,3
USR0734,47,Female,47.0,149.1,21.1,Moderate,1006,1559,Vegetarian,Hills,None,Gluten,Prefers cooked,1
USR0735,34,Male,55.2,166.2,20.0,Heavy,1426,2460,Non-Vegetarian,Hills,None,Fish,Prefers cooked,1
USR0736,6,Female,56.0,154.8,23.4,Sedentary,1336,1603,Non-Vegetarian,Hills,Obesity,None,No bitter,1
USR0737,30,Male,64.0,169.7,22.2,Moderate,1556,2412,Non-Vegetarian,Hills,Underweight,None,Prefers cooked,1
USR0738,27,Male,74.1,150.3,32.8,Sedentary,1550,1860,Non-Vegetarian,Hills,Celiac,None,No bitter,1
USR0739,63,Female,55.0,166.7,19.8,Moderate,1116,1730,Vegan,Mountain,Anaemia,None,Likes all,1
USR0740,29,Male,65.5,172.3,22.1,Moderate,1592,2468,Non-Vegetarian,Mountain,Anaemia,None,Likes all,3
USR0741,73,Male,60.4,169.4,21.0,Moderate,1303,2020,Vegetarian,Hills,None,Gluten,Prefers cooked,1
USR0742,13,Female,58.4,160.0,22.8,Moderate,1358,2105,Non-Vegetarian,Mountain,Obesity,None,No bitter,2
USR0743,68,Female,42.3,155.5,17.5,Sedentary,894,1073,Non-Vegetarian,Terai,None,Gluten,Prefers cooked,2
USR0744,44,Male,53.3,168.5,18.8,Moderate,1371,2125,Non-Vegetarian,Hills,Underweight,None,Prefers cooked,1
USR0745,61,Female,47.5,153.4,20.2,Sedentary,968,1162,Non-Vegetarian,Mountain,Lactose Intolerance,Nuts,No leafy,2
USR0746,60,Female,40.3,160.8,15.6,Moderate,947,1468,Non-Vegetarian,Hills,None,None,No leafy,1
USR0747,14,Female,51.6,156.2,21.1,Sedentary,1261,1513,Non-Vegetarian,Terai,None,None,Likes all,2
USR0748,74,Male,64.0,170.0,22.1,Moderate,1338,2074,Non-Vegetarian,Hills,Celiac,Milk,Prefers cooked,3
USR0749,74,Male,63.1,164.5,23.3,Moderate,1294,2006,Non-Vegetarian,Hills,Anaemia,Fish,Likes all,2
USR0750,55,Male,64.3,177.7,20.4,Moderate,1484,2300,Non-Vegetarian,Terai,Underweight,Gluten,No leafy,2
USR0751,45,Male,68.0,158.0,27.2,Heavy,1448,2498,Non-Vegetarian,Hills,Obesity,None,No bitter,1
USR0752,44,Male,63.3,164.6,23.4,Moderate,1447,2243,Non-Vegetarian,Terai,Anaemia,Fish,No leafy,3
USR0753,46,Female,44.0,149.3,19.7,Sedentary,982,1178,Non-Vegetarian,Terai,Hypertension,Fish,No leafy,1
USR0754,13,Female,48.3,153.0,20.6,Sedentary,1213,1456,Non-Vegetarian,Mountain,Obesity,Milk,Likes all,1
USR0755,75,Male,70.2,178.5,22.0,Heavy,1448,2498,Vegetarian,Terai,None,None,No leafy,2
USR0756,34,Male,58.9,174.4,19.4,Heavy,1514,2612,Vegetarian,Hills,Underweight,None,Prefers cooked,2
USR0757,55,Female,56.4,156.8,22.9,Heavy,1108,1911,Non-Vegetarian,Terai,Anaemia,None,Prefers cooked,1
USR0758,60,Female,59.5,144.6,28.5,Moderate,1038,1609,Vegan,Mountain,Diabetes,None,No leafy,2
USR0759,5,Male,72.8,164.5,26.9,Heavy,1736,2995,Vegan,Terai,Underweight,Nuts,No leafy,2
USR0760,10,Female,53.4,148.2,24.3,Heavy,1249,2155,Non-Vegetarian,Hills,Anaemia,None,No leafy,1
USR0761,60,Male,40.8,169.6,14.2,Moderate,1173,1818,Vegan,Terai,Anaemia,None,Prefers cooked,1
USR0762,73,Female,48.8,169.1,17.1,Moderate,1019,1579,Non-Vegetarian,Hills,Underweight,None,No bitter,1
USR0763,69,Male,62.9,157.9,25.2,Heavy,1276,2201,Non-Vegetarian,Hills,None,None,No leafy,1
USR0764,64,Male,49.9,174.0,16.5,Moderate,1272,1972,Non-Vegetarian,Terai,None,Milk,Likes all,1
USR0765,64,Female,50.6,154.3,21.3,Moderate,989,1533,Non-Vegetarian,Terai,Obesity,Milk,Prefers cooked,1
USR0766,17,Male,64.3,168.7,22.6,Heavy,1617,2789,Non-Vegetarian,Terai,Celiac,None,No bitter,1
USR0767,50,Female,60.2,164.0,22.4,Moderate,1216,1885,Non-Vegetarian,Terai,Celiac,None,No leafy,2
USR0768,11,Female,51.7,152.7,22.2,Heavy,1255,2165,Non-Vegetarian,Terai,Hypertension,None,Prefers cooked,1
USR0769,58,Male,63.7,165.2,23.3,Moderate,1384,2145,Vegetarian,Terai,None,None,Prefers cooked,1
USR0770,70,Female,60.2,157.9,24.1,Moderate,1078,1671,Vegan,Terai,Underweight,Fish,No leafy,1
USR0771,32,Male,69.0,169.4,24.0,Sedentary,1594,1913,Non-Vegetarian,Hills,None,Fish,Prefers cooked,2
USR0772,13,Male,57.6,159.6,22.6,Moderate,1514,2347,Vegetarian,Terai,None,Fish,No bitter,3
USR0773,18,Female,50.3,142.0,24.9,Moderate,1140,1767,Non-Vegetarian,Terai,Lactose Intolerance,Nuts,No leafy,1
USR0774,27,Female,41.7,143.1,20.4,Moderate,1015,1573,Non-Vegetarian,Terai,Hypertension,None,No leafy,2
USR0775,69,Male,36.5,152.5,15.7,Moderate,978,1516,Vegetarian,Mountain,None,Milk,Prefers cooked,2
USR0776,15,Male,71.0,167.8,25.2,Moderate,1689,2618,Non-Vegetarian,Terai,Anaemia,None,Likes all,1
USR0777,47,Female,59.2,158.6,23.5,Sedentary,1187,1424,Vegan,Hills,Celiac,Milk,Likes all,1
USR0778,48,Female,54.5,162.7,20.6,Moderate,1161,1800,Non-Vegetarian,Mountain,Anaemia,Nuts,Prefers cooked,2
USR0779,13,Male,64.6,162.8,24.4,Moderate,1604,2486,Vegetarian,Terai,None,None,Likes all,1
USR0780,35,Male,51.5,164.6,19.0,Heavy,1374,2370,Non-Vegetarian,Terai,None,None,No leafy,1
USR0781,43,Male,59.6,173.5,19.8,Moderate,1470,2278,Non-Vegetarian,Hills,None,Nuts,No leafy,2
USR0782,65,Male,50.9,168.4,17.9,Heavy,1242,2142,Non-Vegetarian,Hills,None,Fish,No leafy,1
USR0783,73,Female,62.3,163.2,23.4,Moderate,1117,1731,Non-Vegetarian,Hills,Diabetes,Gluten,No bitter,2
USR0784,14,Female,46.9,163.6,17.5,Moderate,1260,1953,Non-Vegetarian,Terai,None,None,No bitter,2
USR0785,58,Female,76.2,147.2,35.2,Moderate,1231,1908,Non-Vegetarian,Hills,Diabetes,None,No leafy,1
USR0786,54,Male,67.4,163.0,25.4,Heavy,1428,2463,Non-Vegetarian,Hills,Underweight,Gluten,No bitter,1
USR0787,59,Female,53.4,148.8,24.1,Sedentary,1008,1210,Non-Vegetarian,Terai,Celiac,None,No bitter,3
USR0788,23,Female,53.7,163.5,20.1,Moderate,1283,1989,Vegetarian,Terai,None,Fish,No leafy,3
USR0789,71,Male,79.2,156.2,32.5,Moderate,1418,2198,Non-Vegetarian,Hills,Diabetes,Fish,No bitter,2
USR0790,18,Male,50.6,154.5,21.2,Moderate,1387,2150,Non-Vegetarian,Hills,None,Fish,No bitter,1
USR0791,67,Male,65.8,165.0,24.2,Heavy,1359,2344,Vegan,Hills,Celiac,Milk,No leafy,1
USR0792,52,Male,64.1,169.0,22.4,Heavy,1442,2487,Non-Vegetarian,Mountain,None,Gluten,Prefers cooked,1
USR0793,12,Male,62.0,150.4,27.4,Moderate,1505,2333,Non-Vegetarian,Hills,Obesity,None,Prefers cooked,1
USR0794,15,Female,48.8,157.9,19.6,Moderate,1239,1920,Vegetarian,Mountain,None,Gluten,No leafy,1
USR0795,12,Male,59.5,184.8,17.4,Sedentary,1695,2034,Vegetarian,Terai,Underweight,None,No leafy,3
USR0796,67,Female,46.0,155.1,19.1,Heavy,933,1609,Non-Vegetarian,Hills,Celiac,Nuts,No bitter,1
USR0797,56,Female,51.8,155.7,21.4,Moderate,1050,1628,Non-Vegetarian,Terai,None,Gluten,No leafy,1
USR0798,20,Male,67.5,160.3,26.3,Moderate,1582,2452,Non-Vegetarian,Hills,Lactose Intolerance,Gluten,No leafy,1
USR0799,46,Male,71.4,165.8,26.0,Sedentary,1525,1830,Non-Vegetarian,Hills,None,Gluten,No leafy,3
USR0800,49,Male,41.2,173.1,13.8,Heavy,1254,2163,Vegetarian,Hills,Diabetes,None,Prefers cooked,3
USR0801,21,Male,57.7,165.0,21.2,Heavy,1508,2601,Non-Vegetarian,Hills,None,Gluten,Prefers cooked,1
USR0802,26,Male,62.3,153.3,26.5,Sedentary,1456,1747,Vegetarian,Hills,None,None,No bitter,2
USR0803,33,Female,51.4,143.8,24.9,Sedentary,1087,1304,Non-Vegetarian,Mountain,Celiac,Gluten,Likes all,2
USR0804,13,Male,56.0,158.9,22.2,Heavy,1493,2575,Vegan,Hills,None,None,No bitter,1
USR0805,16,Female,60.3,158.1,24.1,Moderate,1350,2092,Vegetarian,Mountain,Hypertension,None,No bitter,2
USR0806,44,Male,73.5,168.8,25.8,Heavy,1575,2717,Non-Vegetarian,Hills,Hypertension,None,Prefers cooked,1
USR0807,6,Female,44.3,152.1,19.1,Moderate,1203,1865,Non-Vegetarian,Terai,Obesity,Gluten,Prefers cooked,3
USR0808,23,Female,53.7,140.4,27.2,Sedentary,1138,1366,Vegan,Hills,Diabetes,None,No bitter,3
USR0809,32,Female,40.0,154.3,16.8,Heavy,1043,1799,Vegetarian,Hills,None,None,Prefers cooked,1
USR0810,67,Male,60.8,158.3,24.3,Moderate,1267,1964,Vegetarian,Mountain,Anaemia,Nuts,No leafy,2
USR0811,55,Female,45.5,159.4,17.9,Moderate,1015,1573,Non-Vegetarian,Terai,Underweight,Fish,Likes all,1
USR0812,11,Female,62.3,145.1,29.6,Heavy,1314,2267,Non-Vegetarian,Mountain,None,Gluten,No leafy,2
USR0813,31,Male,65.3,178.0,20.6,Sedentary,1616,1939,Non-Vegetarian,Mountain,None,None,No leafy,2
USR0814,12,Male,84.3,177.3,26.8,Moderate,1896,2939,Vegetarian,Terai,Underweight,Nuts,No leafy,1
USR0815,36,Female,60.5,155.1,25.1,Heavy,1233,2127,Non-Vegetarian,Mountain,None,Fish,Likes all,2
USR0816,40,Female,47.4,148.4,21.5,Sedentary,1040,1248,Vegetarian,Terai,None,None,No leafy,3
USR0817,7,Male,36.7,152.7,15.7,Heavy,1291,2227,Non-Vegetarian,Terai,Lactose Intolerance,None,No leafy,2
USR0818,43,Female,50.3,152.6,21.6,Sedentary,1081,1297,Vegan,Terai,Anaemia,None,No leafy,3
USR0819,13,Female,42.2,152.9,18.1,Sedentary,1152,1382,Non-Vegetarian,Terai,None,None,Likes all,3
USR0820,45,Female,57.4,156.6,23.4,Moderate,1167,1809,Non-Vegetarian,Terai,Underweight,Milk,Likes all,1
USR0821,69,Male,54.2,184.9,15.9,Moderate,1358,2105,Non-Vegetarian,Terai,None,Milk,Likes all,3
USR0822,73,Female,42.9,157.1,17.4,Moderate,885,1372,Vegan,Hills,Lactose Intolerance,None,Likes all,1
USR0823,9,Male,65.2,171.2,22.2,Moderate,1682,2607,Non-Vegetarian,Mountain,Underweight,None,No bitter,2
USR0824,59,Male,68.9,167.8,24.5,Heavy,1448,2498,Non-Vegetarian,Hills,Obesity,None,No bitter,2
USR0825,73,Male,66.0,175.8,21.4,Moderate,1399,2168,Non-Vegetarian,Hills,Lactose Intolerance,None,No leafy,1
USR0826,60,Female,37.2,166.4,13.4,Moderate,951,1474,Vegetarian,Hills,None,None,No leafy,1
USR0827,16,Female,48.7,158.8,19.3,Moderate,1238,1919,Non-Vegetarian,Terai,Diabetes,None,Likes all,2
USR0828,53,Male,78.7,160.8,30.4,Sedentary,1532,1838,Non-Vegetarian,Mountain,Diabetes,Gluten,Likes all,3
USR0829,41,Female,42.3,151.0,18.6,Sedentary,1001,1201,Non-Vegetarian,Hills,Anaemia,None,No bitter,3
USR0830,66,Female,48.2,151.0,21.1,Moderate,935,1449,Non-Vegetarian,Terai,Anaemia,Milk,Likes all,2
USR0831,58,Male,60.3,160.1,23.5,Moderate,1319,2044,Non-Vegetarian,Mountain,Diabetes,Milk,No leafy,3
USR0832,44,Male,59.2,162.4,22.4,Moderate,1392,2158,Non-Vegetarian,Hills,None,None,Likes all,1
USR0833,26,Male,58.3,163.5,21.8,Moderate,1480,2294,Vegan,Hills,None,Fish,Prefers cooked,2
USR0834,70,Female,48.6,144.3,23.3,Sedentary,877,1052,Non-Vegetarian,Terai,Lactose Intolerance,None,Likes all,2
USR0835,36,Female,67.2,153.6,28.5,Sedentary,1291,1549,Vegan,Hills,None,None,Prefers cooked,1
USR0836,22,Female,31.9,152.5,13.7,Heavy,1001,1727,Non-Vegetarian,Hills,None,Nuts,Likes all,2
USR0837,74,Male,73.7,152.3,31.8,Moderate,1324,2052,Non-Vegetarian,Hills,Diabetes,Milk,Prefers cooked,1
USR0838,32,Female,72.3,146.5,33.7,Sedentary,1318,1582,Non-Vegetarian,Mountain,Obesity,None,No bitter,1
USR0839,47,Female,52.7,157.2,21.3,Moderate,1114,1727,Non-Vegetarian,Hills,Hypertension,None,Likes all,2
USR0840,30,Female,63.3,158.3,25.3,Moderate,1311,2032,Non-Vegetarian,Terai,Obesity,None,Prefers cooked,2
USR0841,65,Male,55.3,169.1,19.3,Heavy,1290,2225,Non-Vegetarian,Mountain,Diabetes,None,No leafy,2
USR0842,22,Male,55.5,171.8,18.8,Moderate,1524,2362,Non-Vegetarian,Terai,None,Milk,Likes all,1
USR0843,58,Female,53.3,139.0,27.6,Moderate,951,1474,Non-Vegetarian,Hills,Celiac,Milk,Likes all,2
USR0844,75,Female,40.4,154.3,17.0,Moderate,832,1290,Non-Vegetarian,Hills,Underweight,Fish,Prefers cooked,1
USR0845,7,Male,68.4,170.2,23.6,Sedentary,1718,2062,Non-Vegetarian,Terai,Celiac,Nuts,No leafy,3
USR0846,60,Male,53.9,165.8,19.6,Sedentary,1280,1536,Non-Vegetarian,Terai,Lactose Intolerance,None,Prefers cooked,1
USR0847,19,Female,73.0,137.1,38.8,Moderate,1331,2063,Non-Vegetarian,Terai,Obesity,None,Prefers cooked,1
USR0848,34,Male,69.4,170.6,23.8,Moderate,1595,2472,Non-Vegetarian,Terai,Anaemia,None,Prefers cooked,1
USR0849,53,Male,54.9,168.8,19.3,Moderate,1344,2083,Non-Vegetarian,Hills,Anaemia,Gluten,Likes all,3
USR0850,11,Female,51.6,159.2,20.4,Moderate,1295,2007,Non-Vegetarian,Hills,None,Nuts,Likes all,1
USR0851,5,Male,77.6,169.3,27.1,Moderate,1814,2812,Non-Vegetarian,Hills,Diabetes,None,No leafy,1
USR0852,67,Female,49.0,158.5,19.5,Sedentary,985,1182,Vegetarian,Mountain,None,Nuts,No bitter,2
USR0853,35,Female,50.4,150.1,22.4,Heavy,1106,1908,Vegetarian,Terai,None,None,Likes all,3
USR0854,29,Male,55.6,147.5,25.6,Sedentary,1338,1606,Vegan,Mountain,Hypertension,Milk,No leafy,1
USR0855,10,Male,69.2,171.0,23.7,Moderate,1716,2660,Vegan,Hills,Hypertension,Gluten,Likes all,2
USR0856,66,Male,41.8,174.0,13.8,Sedentary,1180,1416,Non-Vegetarian,Mountain,Diabetes,None,No bitter,1
USR0857,29,Male,61.4,157.0,24.9,Sedentary,1455,1746,Non-Vegetarian,Hills,Underweight,Fish,No leafy,2
USR0858,31,Female,56.1,157.8,22.5,Moderate,1231,1908,Vegan,Terai,Underweight,Gluten,No bitter,2
USR0859,42,Male,58.7,155.2,24.4,Moderate,1352,2096,Non-Vegetarian,Terai,Underweight,None,No bitter,1
USR0860,40,Male,69.1,162.2,26.3,Sedentary,1510,1812,Non-Vegetarian,Terai,Underweight,None,Likes all,2
USR0861,46,Female,66.2,159.5,26.0,Moderate,1268,1965,Non-Vegetarian,Hills,Lactose Intolerance,Milk,No bitter,1
USR0862,50,Male,67.0,185.3,19.5,Moderate,1583,2454,Non-Vegetarian,Terai,Underweight,None,No leafy,2
USR0863,61,Male,63.5,171.2,21.7,Heavy,1405,2424,Non-Vegetarian,Hills,None,Fish,No bitter,1
USR0864,16,Female,44.0,154.2,18.5,Moderate,1163,1803,Non-Vegetarian,Mountain,Obesity,None,No bitter,1
USR0865,25,Female,66.5,145.5,31.4,Moderate,1288,1996,Vegetarian,Terai,None,Fish,Prefers cooked,2
USR0866,17,Female,53.2,150.2,23.6,Sedentary,1225,1470,Vegan,Terai,Anaemia,Fish,Likes all,1
USR0867,10,Male,73.6,175.1,24.0,Moderate,1785,2767,Non-Vegetarian,Mountain,None,None,Likes all,3
USR0868,15,Female,57.0,161.7,21.8,Heavy,1345,2320,Non-Vegetarian,Hills,Hypertension,Gluten,Prefers cooked,1
USR0869,74,Male,57.0,154.5,23.9,Sedentary,1171,1405,Vegetarian,Terai,None,Milk,Likes all,3
USR0870,23,Female,60.4,154.0,25.5,Moderate,1290,2000,Non-Vegetarian,Hills,None,Nuts,No bitter,1
USR0871,19,Female,26.5,155.1,11.0,Moderate,978,1516,Vegetarian,Hills,Hypertension,None,No bitter,1
USR0872,15,Female,63.7,148.2,29.0,Moderate,1327,2057,Non-Vegetarian,Mountain,Hypertension,None,No leafy,1
USR0873,41,Female,51.6,156.7,21.0,Heavy,1129,1948,Non-Vegetarian,Hills,None,None,Prefers cooked,1
USR0874,23,Female,42.9,161.1,16.5,Heavy,1160,2001,Vegetarian,Terai,Lactose Intolerance,Fish,No bitter,1
USR0875,46,Male,68.3,164.8,25.1,Heavy,1488,2567,Non-Vegetarian,Hills,Obesity,Fish,No leafy,2
USR0876,22,Female,58.2,144.3,28.0,Moderate,1213,1880,Non-Vegetarian,Hills,Underweight,Gluten,No leafy,3
USR0877,54,Male,75.7,171.4,25.8,Moderate,1563,2423,Vegetarian,Terai,Hypertension,None,Prefers cooked,1
USR0878,65,Female,73.6,149.9,32.8,Sedentary,1187,1424,Non-Vegetarian,Hills,None,Milk,No leafy,1
USR0879,36,Female,55.6,158.8,22.0,Moderate,1208,1872,Vegetarian,Terai,Anaemia,None,No leafy,2
USR0880,18,Male,60.0,162.3,22.8,Moderate,1529,2370,Vegetarian,Terai,Hypertension,None,Likes all,1
USR0881,6,Male,45.4,158.8,18.0,Moderate,1422,2204,Non-Vegetarian,Hills,None,Milk,No leafy,2
USR0882,61,Female,56.7,143.4,27.6,Moderate,997,1545,Vegetarian,Terai,None,None,Prefers cooked,3
USR0883,6,Male,53.6,170.1,18.5,Heavy,1574,2715,Vegan,Hills,Lactose Intolerance,Milk,Prefers cooked,2
USR0884,39,Male,74.0,163.4,27.7,Moderate,1571,2435,Non-Vegetarian,Hills,Lactose Intolerance,None,Prefers cooked,2
USR0885,14,Male,66.6,156.8,27.1,Moderate,1581,2451,Non-Vegetarian,Hills,None,None,No bitter,2
USR0886,39,Male,65.1,167.0,23.3,Moderate,1505,2333,Vegetarian,Terai,Diabetes,None,Likes all,1
USR0887,6,Male,62.4,158.1,25.0,Moderate,1587,2460,Vegetarian,Terai,Diabetes,None,Likes all,3
USR0888,10,Female,57.8,154.9,24.1,Moderate,1335,2069,Vegetarian,Hills,Diabetes,Fish,Prefers cooked,2
USR0889,50,Female,67.8,152.2,29.3,Sedentary,1218,1462,Non-Vegetarian,Hills,Underweight,None,Prefers cooked,1
USR0890,66,Female,38.9,146.9,18.0,Moderate,816,1265,Non-Vegetarian,Terai,Celiac,Gluten,Likes all,1
USR0891,32,Male,67.1,154.1,28.3,Moderate,1479,2292,Vegan,Mountain,Lactose Intolerance,Nuts,No leafy,1
USR0892,42,Female,42.7,164.6,15.8,Heavy,1085,1872,Vegetarian,Hills,None,None,Likes all,1
USR0893,17,Female,55.7,150.3,24.7,Moderate,1250,1938,Vegan,Terai,Obesity,None,No leafy,2
USR0894,42,Male,66.3,170.5,22.8,Moderate,1524,2362,Non-Vegetarian,Terai,None,None,No leafy,2
USR0895,37,Female,54.8,146.5,25.5,Moderate,1118,1733,Vegetarian,Mountain,Obesity,None,No bitter,2
USR0896,57,Female,66.5,141.8,33.1,Moderate,1105,1713,Non-Vegetarian,Hills,Underweight,Nuts,No bitter,1
USR0897,69,Female,36.5,158.4,14.5,Sedentary,849,1019,Vegan,Terai,None,None,Prefers cooked,1
USR0898,53,Female,59.0,159.9,23.1,Sedentary,1163,1396,Non-Vegetarian,Hills,Obesity,None,No bitter,2
USR0899,73,Female,62.1,149.4,27.8,Sedentary,1029,1235,Non-Vegetarian,Terai,Anaemia,Fish,Prefers cooked,2
USR0900,13,Female,41.6,175.4,13.5,Heavy,1286,2218,Non-Vegetarian,Hills,None,Milk,No leafy,1
USR0901,65,Male,66.2,169.4,23.1,Sedentary,1401,1681,Vegan,Hills,None,Nuts,No leafy,2
USR0902,11,Male,62.5,166.7,22.5,Heavy,1617,2789,Non-Vegetarian,Hills,Celiac,None,Likes all,1
USR0903,40,Male,55.0,168.8,19.3,Heavy,1410,2432,Non-Vegetarian,Mountain,None,Milk,Prefers cooked,1
USR0904,59,Male,52.9,176.2,17.0,Moderate,1340,2077,Non-Vegetarian,Hills,Anaemia,Gluten,No leafy,3
USR0905,60,Male,52.6,174.7,17.2,Heavy,1323,2282,Vegetarian,Mountain,Lactose Intolerance,None,Likes all,3
USR0906,46,Male,52.4,152.2,22.6,Moderate,1250,1938,Vegetarian,Terai,Obesity,None,No leafy,2
USR0907,57,Male,60.7,177.8,19.2,Heavy,1438,2481,Non-Vegetarian,Hills,Celiac,None,Likes all,1
USR0908,58,Male,56.3,152.0,24.4,Heavy,1228,2118,Non-Vegetarian,Hills,None,None,Likes all,2
USR0909,7,Female,51.5,159.7,20.2,Sedentary,1317,1580,Non-Vegetarian,Hills,Anaemia,Fish,No bitter,2
USR0910,71,Female,62.0,153.0,26.5,Moderate,1060,1643,Non-Vegetarian,Hills,Hypertension,None,Prefers cooked,3
USR0911,53,Female,51.1,164.0,19.0,Heavy,1110,1915,Non-Vegetarian,Mountain,None,None,Likes all,1
USR0912,57,Male,75.2,173.1,25.1,Sedentary,1554,1865,Non-Vegetarian,Mountain,Lactose Intolerance,None,No bitter,2
USR0913,33,Male,64.1,155.0,26.7,Sedentary,1450,1740,Non-Vegetarian,Hills,None,Nuts,No leafy,2
USR0914,5,Female,68.6,149.5,30.7,Moderate,1434,2223,Non-Vegetarian,Hills,Diabetes,Fish,Prefers cooked,1
USR0915,9,Female,59.2,154.4,24.8,Moderate,1351,2094,Vegan,Mountain,Hypertension,Nuts,Prefers cooked,3
USR0916,35,Female,45.6,151.6,19.8,Heavy,1068,1842,Vegetarian,Mountain,Anaemia,None,No leafy,1
USR0917,45,Female,44.4,153.2,18.9,Sedentary,1016,1219,Non-Vegetarian,Mountain,None,Fish,No bitter,3
USR0918,46,Male,63.3,168.4,22.3,Heavy,1460,2518,Vegetarian,Mountain,None,None,Likes all,3
USR0919,8,Female,53.8,150.3,23.8,Heavy,1276,2201,Non-Vegetarian,Terai,None,None,No bitter,1
USR0920,53,Male,63.9,153.4,27.2,Moderate,1338,2074,Vegetarian,Terai,Celiac,None,Likes all,1
USR0921,20,Female,59.7,157.6,24.0,Moderate,1321,2048,Vegetarian,Terai,Obesity,Nuts,Prefers cooked,2
USR0922,67,Male,64.9,157.1,26.3,Heavy,1301,2244,Vegetarian,Terai,Celiac,Fish,No leafy,2
USR0923,25,Female,54.5,154.9,22.7,Moderate,1227,1902,Vegan,Mountain,None,None,No bitter,2
USR0924,74,Female,64.9,154.3,27.3,Moderate,1082,1677,Vegetarian,Terai,Lactose Intolerance,None,Likes all,3
USR0925,32,Male,65.3,162.1,24.9,Moderate,1511,2342,Vegetarian,Hills,None,None,Likes all,1
USR0926,40,Female,31.9,156.0,13.1,Moderate,933,1446,Vegan,Hills,Obesity,Gluten,No leafy,3
USR0927,29,Female,54.0,158.6,21.5,Moderate,1225,1899,Non-Vegetarian,Terai,Lactose Intolerance,Milk,Prefers cooked,1
USR0928,60,Female,61.0,149.1,27.4,Moderate,1081,1676,Non-Vegetarian,Mountain,None,Fish,No leafy,1
USR0929,52,Female,67.3,146.3,31.4,Heavy,1166,2011,Non-Vegetarian,Terai,Underweight,Milk,No leafy,2
USR0930,55,Female,59.6,154.8,24.9,Moderate,1128,1748,Non-Vegetarian,Terai,Hypertension,None,Likes all,1
USR0931,52,Female,58.8,158.8,23.3,Sedentary,1160,1392,Non-Vegetarian,Terai,Hypertension,None,No leafy,3
USR0932,34,Female,45.8,151.4,20.0,Moderate,1073,1663,Vegan,Terai,None,Milk,Likes all,3
USR0933,60,Female,50.7,159.6,19.9,Moderate,1044,1618,Vegetarian,Hills,Obesity,None,No bitter,2
USR0934,20,Male,49.0,168.2,17.3,Heavy,1446,2494,Non-Vegetarian,Mountain,None,Milk,Likes all,3
USR0935,64,Male,57.9,180.0,17.9,Heavy,1389,2396,Vegetarian,Mountain,Underweight,None,No bitter,1
USR0936,65,Male,76.9,173.1,25.7,Moderate,1531,2373,Non-Vegetarian,Hills,Hypertension,Fish,Likes all,3
USR0937,68,Female,47.2,149.5,21.1,Heavy,905,1561,Non-Vegetarian,Terai,Hypertension,None,Likes all,1
USR0938,6,Male,82.4,184.4,24.2,Heavy,1952,3367,Non-Vegetarian,Terai,None,None,No bitter,3
USR0939,11,Male,60.9,179.0,19.0,Sedentary,1678,2014,Vegetarian,Hills,None,Milk,No bitter,3
USR0940,39,Female,47.5,138.9,24.6,Heavy,987,1703,Vegetarian,Terai,Hypertension,None,No leafy,2
USR0941,71,Male,49.1,163.2,18.4,Heavy,1161,2003,Non-Vegetarian,Hills,Obesity,None,Likes all,2
USR0942,15,Female,43.7,164.6,16.1,Moderate,1230,1906,Non-Vegetarian,Terai,None,Gluten,Likes all,1
USR0943,32,Male,52.3,166.6,18.8,Heavy,1409,2431,Vegetarian,Hills,None,Nuts,No bitter,2
USR0944,69,Male,66.2,167.6,23.6,Moderate,1370,2124,Non-Vegetarian,Hills,Lactose Intolerance,None,No leafy,1
USR0945,40,Male,48.5,170.7,16.6,Sedentary,1357,1628,Non-Vegetarian,Hills,None,None,Prefers cooked,1
USR0946,28,Female,52.9,161.9,20.2,Heavy,1240,2139,Non-Vegetarian,Hills,None,None,No bitter,2
USR0947,24,Male,53.5,170.1,18.5,Moderate,1483,2299,Vegetarian,Hills,Diabetes,Nuts,Likes all,1
USR0948,59,Female,56.0,158.3,22.3,Moderate,1093,1694,Vegan,Hills,Underweight,Gluten,No leafy,1
USR0949,36,Male,68.8,163.6,25.7,Sedentary,1536,1843,Vegetarian,Mountain,Diabetes,None,Likes all,3
USR0950,40,Male,64.1,176.0,20.7,Heavy,1546,2667,Non-Vegetarian,Hills,None,None,No bitter,2
USR0951,26,Male,64.1,157.8,25.7,Moderate,1502,2328,Vegan,Hills,None,None,Prefers cooked,3
USR0952,44,Female,62.3,145.5,29.4,Moderate,1151,1784,Non-Vegetarian,Terai,None,None,No bitter,2
USR0953,6,Male,56.7,157.7,22.8,Sedentary,1528,1834,Non-Vegetarian,Hills,None,None,Likes all,3
USR0954,65,Female,45.0,150.0,20.0,Moderate,902,1398,Non-Vegetarian,Terai,None,None,No bitter,1
USR0955,23,Male,62.7,161.4,24.1,Moderate,1526,2365,Non-Vegetarian,Hills,Hypertension,Milk,No leafy,2
USR0956,63,Female,62.4,154.6,26.1,Moderate,1114,1727,Vegan,Mountain,Obesity,None,No bitter,3
USR0957,23,Male,81.5,162.9,30.7,Moderate,1723,2671,Non-Vegetarian,Hills,None,None,No leafy,2
USR0958,16,Male,70.6,183.7,20.9,Sedentary,1779,2135,Non-Vegetarian,Mountain,Obesity,None,No bitter,2
USR0959,55,Female,35.6,145.0,16.9,Moderate,826,1280,Non-Vegetarian,Terai,None,Nuts,Likes all,2
USR0960,49,Female,48.3,172.0,16.3,Heavy,1152,1987,Non-Vegetarian,Hills,Celiac,None,No bitter,3
USR0961,43,Male,58.4,165.2,21.4,Moderate,1406,2179,Vegetarian,Hills,None,None,No bitter,3
USR0962,11,Male,61.0,165.1,22.4,Moderate,1592,2468,Vegetarian,Terai,Diabetes,None,No bitter,2
USR0963,16,Male,60.7,160.7,23.5,Moderate,1536,2381,Non-Vegetarian,Mountain,None,Milk,Prefers cooked,1
USR0964,50,Female,54.1,164.5,20.0,Heavy,1158,1998,Non-Vegetarian,Hills,None,Milk,No bitter,3
USR0965,27,Female,41.5,149.9,18.5,Moderate,1056,1637,Vegan,Terai,Celiac,None,No bitter,1
USR0966,75,Female,56.4,159.7,22.1,Moderate,1026,1590,Vegan,Hills,Underweight,None,No leafy,2
USR0967,22,Male,46.8,163.0,17.6,Moderate,1382,2142,Non-Vegetarian,Hills,Anaemia,Gluten,No leafy,2
USR0968,8,Female,55.8,153.2,23.8,Heavy,1314,2267,Vegetarian,Terai,Lactose Intolerance,Milk,Prefers cooked,3
USR0969,21,Female,40.0,143.7,19.4,Moderate,1032,1600,Vegetarian,Hills,None,Fish,Likes all,2
USR0970,11,Female,60.2,156.8,24.5,Sedentary,1366,1639,Non-Vegetarian,Mountain,None,Milk,No leafy,2
USR0971,20,Male,61.1,153.0,26.1,Sedentary,1472,1766,Non-Vegetarian,Mountain,None,Gluten,Prefers cooked,1
USR0972,43,Male,51.0,155.8,21.0,Sedentary,1274,1529,Non-Vegetarian,Mountain,None,None,Likes all,1
USR0973,20,Male,54.5,164.3,20.2,Sedentary,1477,1772,Non-Vegetarian,Terai,Underweight,Gluten,No leafy,1
USR0974,43,Male,38.5,177.9,12.2,Moderate,1287,1995,Vegan,Hills,Lactose Intolerance,Gluten,Likes all,2
USR0975,7,Male,69.4,178.6,21.8,Moderate,1780,2759,Non-Vegetarian,Mountain,Underweight,None,No leafy,2
USR0976,42,Female,42.7,138.6,22.2,Heavy,922,1590,Non-Vegetarian,Hills,Anaemia,Fish,Likes all,2
USR0977,59,Female,58.4,158.6,23.2,Sedentary,1119,1343,Vegan,Hills,None,Milk,Likes all,3
USR0978,10,Female,61.1,150.4,27.0,Moderate,1340,2077,Non-Vegetarian,Hills,Diabetes,None,Prefers cooked,2
USR0979,49,Male,72.0,159.4,28.3,Sedentary,1476,1771,Non-Vegetarian,Terai,Hypertension,Nuts,No leafy,1
USR0980,43,Female,57.0,152.8,24.4,Heavy,1149,1982,Non-Vegetarian,Hills,Lactose Intolerance,None,No bitter,1
USR0981,49,Female,39.4,147.3,18.2,Sedentary,909,1091,Vegetarian,Terai,None,None,Likes all,1
USR0982,65,Female,51.1,158.5,20.3,Moderate,1016,1575,Vegetarian,Terai,Anaemia,Fish,Likes all,1
USR0983,19,Female,68.6,156.7,27.9,Heavy,1409,2431,Non-Vegetarian,Mountain,Celiac,None,Prefers cooked,2
USR0984,62,Male,40.4,181.7,12.2,Moderate,1235,1914,Non-Vegetarian,Hills,Obesity,Gluten,No bitter,1
USR0985,25,Male,50.8,168.9,17.8,Moderate,1444,2238,Vegetarian,Mountain,None,None,Prefers cooked,1
USR0986,5,Male,55.5,171.3,18.9,Sedentary,1606,1927,Non-Vegetarian,Terai,Celiac,Gluten,Prefers cooked,1
USR0987,69,Female,46.5,161.8,17.8,Moderate,970,1504,Vegetarian,Hills,Anaemia,Fish,Likes all,3
USR0988,21,Male,63.7,158.4,25.4,Sedentary,1527,1832,Non-Vegetarian,Terai,None,Nuts,Likes all,1
USR0989,37,Female,47.5,158.2,19.0,Moderate,1118,1733,Non-Vegetarian,Terai,Underweight,None,No bitter,2
USR0990,74,Male,60.4,161.3,23.2,Heavy,1247,2151,Non-Vegetarian,Terai,None,Nuts,No leafy,2
USR0991,47,Male,64.7,163.2,24.3,Moderate,1437,2227,Vegan,Hills,Celiac,None,Prefers cooked,2
USR0992,9,Male,59.8,167.5,21.3,Heavy,1605,2769,Vegan,Mountain,None,Gluten,Prefers cooked,2
USR0993,18,Male,73.6,167.1,26.4,Moderate,1695,2627,Non-Vegetarian,Hills,Diabetes,None,Likes all,1
USR0994,30,Male,42.6,161.6,16.3,Sedentary,1291,1549,Vegan,Hills,None,Fish,No leafy,1
USR0995,59,Female,49.8,152.9,21.3,Sedentary,998,1198,Vegan,Hills,Hypertension,None,No bitter,2
USR0996,35,Male,63.5,175.6,20.6,Moderate,1562,2421,Non-Vegetarian,Mountain,Lactose Intolerance,None,Likes all,1
USR0997,14,Male,72.1,168.0,25.5,Moderate,1706,2644,Vegetarian,Hills,Hypertension,None,No bitter,1
USR0998,66,Female,46.8,145.4,22.1,Sedentary,886,1063,Non-Vegetarian,Mountain,None,Gluten,No bitter,1
USR0999,43,Female,68.6,149.6,30.7,Moderate,1245,1930,Non-Vegetarian,Mountain,Diabetes,Nuts,Likes all,1
USR1000,57,Female,50.5,144.6,24.2,Moderate,963,1493,Vegetarian,Terai,None,None,No bitter,3
